id,branch_id,hospital_id,first_name,last_name,specialization,highest_qualification,registration_number,experience_years,contact_phone,contact_email,consultation_fee,available_days,consultation_hours,status
1,1,1,Nisha,Kumar,Spine Specialist,BPT  MPT Orthopedics,,,7615594078,nisha.kumar1@arthomove-demo.com,1000,,,ACTIVE
2,1,1,Kavya,Chopra,Knee Specialist,BPT  MPT Sports,,,9346578713,kavya.chopra2@arthomove-demo.com,750,,,ACTIVE
3,1,1,Anjali,Pillai,Rehabilitation Consultant,BPT  MPT Sports,,,7010310518,anjali.pillai3@arthomove-demo.com,750,,,ACTIVE
4,1,1,Anjali,Das,Sports Rehab Specialist,MBBS  MS Ortho,,,9786801128,anjali.das4@arthomove-demo.com,800,,,ACTIVE
5,2,1,Meera,Thomas,Knee Specialist,BPT  MPT Sports,,,9670546688,meera.thomas5@arthomove-demo.com,400,,,INACTIVE
6,2,1,Rohan,Mehta,Neuro Physiotherapist,MPT Neuro Rehab,,,7849877694,rohan.mehta6@arthomove-demo.com,600,,,ACTIVE
7,3,1,Varun,Menon,Shoulder Specialist,BPT  MPT Orthopedics,,,9233749894,varun.menon7@arthomove-demo.com,500,,,INACTIVE
8,3,1,Ravi,Reddy,Pediatric Orthopedist,MBBS  MS Ortho,,,7746488771,ravi.reddy8@arthomove-demo.com,800,,,ACTIVE
9,4,1,Farhan,Kumar,Neuro Physiotherapist,PhD Physiotherapy,,,9951718702,farhan.kumar9@arthomove-demo.com,400,,,ACTIVE
10,4,1,Farhan,Patel,Neuro Physiotherapist,MBBS  Fellowship Spine,,,9217594647,farhan.patel10@arthomove-demo.com,800,,,ACTIVE
11,4,1,Ravi,Das,Spine Specialist,MBBS  MS Ortho,,,7183933529,ravi.das11@arthomove-demo.com,600,,,ACTIVE
12,4,1,Amit,Iyer,Rehabilitation Consultant,MPT Neuro Rehab,,,8365766156,amit.iyer12@arthomove-demo.com,750,,,ACTIVE
13,4,1,Arjun,Das,Physiotherapist,BPT  MPT Orthopedics,,,9622683885,arjun.das13@arthomove-demo.com,400,,,ACTIVE
14,5,2,Isha,Pillai,Pediatric Orthopedist,MBBS  Fellowship Spine,,,9955271774,isha.pillai14@arthomove-demo.com,1500,,,ACTIVE
15,5,2,Vikram,Mishra,Spine Specialist,MBBS  DNB Ortho,,,7597746886,vikram.mishra15@arthomove-demo.com,800,,,ACTIVE
16,5,2,Sneha,Chopra,Neuro Physiotherapist,MPT Neuro Rehab,,,7355690927,sneha.chopra16@arthomove-demo.com,400,,,ACTIVE
17,5,2,Karthik,Nair,Shoulder Specialist,MBBS  DNB Ortho,,,7237058957,karthik.nair17@arthomove-demo.com,750,,,ACTIVE
18,5,2,Sneha,Reddy,Pediatric Orthopedist,MBBS  MS Ortho,,,9299229959,sneha.reddy18@arthomove-demo.com,500,,,ACTIVE
19,6,2,Varun,Mehta,Knee Specialist,BPT  MPT Sports,,,8881537147,varun.mehta19@arthomove-demo.com,600,,,INACTIVE
20,6,2,Priya,Jain,Rehabilitation Consultant,MBBS  MS Ortho,,,7950047974,priya.jain20@arthomove-demo.com,1500,,,ACTIVE
21,6,2,Sanjay,Mishra,Pain Management Specialist,MPT Neuro Rehab,,,9866524041,sanjay.mishra21@arthomove-demo.com,800,,,ACTIVE
22,6,2,Pooja,Gupta,Neuro Physiotherapist,MBBS  Fellowship Spine,,,8990453017,pooja.gupta22@arthomove-demo.com,800,,,ACTIVE
23,7,3,Manoj,Menon,Shoulder Specialist,MPT Neuro Rehab,,,7317393638,manoj.menon23@arthomove-demo.com,800,,,ACTIVE
24,7,3,Karthik,Das,Orthopedic Surgeon,MPT Neuro Rehab,,,7614293968,karthik.das24@arthomove-demo.com,750,,,ACTIVE
25,7,3,Amit,Patel,Physiotherapist,BPT  MPT Sports,,,7995604661,amit.patel25@arthomove-demo.com,1000,,,ACTIVE
26,8,3,Sneha,Reddy,Spine Specialist,PhD Physiotherapy,,,7661797968,sneha.reddy26@arthomove-demo.com,800,,,ACTIVE
27,8,3,Farhan,Reddy,Pediatric Orthopedist,PhD Physiotherapy,,,7513412528,farhan.reddy27@arthomove-demo.com,500,,,ACTIVE
28,8,3,Amit,Gupta,Pain Management Specialist,PhD Physiotherapy,,,8517133959,amit.gupta28@arthomove-demo.com,400,,,ACTIVE
29,8,3,Manoj,Singh,Shoulder Specialist,MBBS  MS Ortho,,,9929750017,manoj.singh29@arthomove-demo.com,800,,,ACTIVE
30,8,3,Sanjay,Menon,Sports Rehab Specialist,PhD Physiotherapy,,,9731121965,sanjay.menon30@arthomove-demo.com,1200,,,ACTIVE
31,9,3,Rahul,Gupta,Physiotherapist,MBBS  DNB Ortho,,,8990421020,rahul.gupta31@arthomove-demo.com,1200,,,ACTIVE
32,9,3,Isha,Rao,Pediatric Orthopedist,MBBS  Fellowship Spine,,,7619906234,isha.rao32@arthomove-demo.com,500,,,ACTIVE
33,9,3,Karthik,Iyer,Spine Specialist,MPT Neuro Rehab,,,9039652239,karthik.iyer33@arthomove-demo.com,750,,,ACTIVE
34,10,4,Arjun,Gupta,Physiotherapist,MBBS  Diploma Orthopedics,,,9872050614,arjun.gupta34@arthomove-demo.com,400,,,ACTIVE
35,10,4,Karthik,Verma,Orthopedic Surgeon,PhD Physiotherapy,,,8434902115,karthik.verma35@arthomove-demo.com,800,,,ACTIVE
36,10,4,Kavya,Mehta,Rehabilitation Consultant,BPT  MPT Sports,,,9171545444,kavya.mehta36@arthomove-demo.com,800,,,ACTIVE
37,10,4,Swetha,Rao,Neuro Physiotherapist,MBBS  Diploma Orthopedics,,,7500743292,swetha.rao37@arthomove-demo.com,1000,,,ACTIVE
38,11,4,Neha,Joshi,Sports Rehab Specialist,MBBS  MS Ortho,,,9064890901,neha.joshi38@arthomove-demo.com,500,,,ACTIVE
39,11,4,Amit,Thomas,Neuro Physiotherapist,MBBS  Fellowship Spine,,,9472304618,amit.thomas39@arthomove-demo.com,1200,,,ACTIVE
40,12,4,Pooja,Khan,Knee Specialist,PhD Physiotherapy,,,7021697972,pooja.khan40@arthomove-demo.com,600,,,ACTIVE
41,12,4,Anjali,Jain,Sports Rehab Specialist,MBBS  MS Ortho,,,7342442043,anjali.jain41@arthomove-demo.com,400,,,ACTIVE
42,12,4,Rohan,Jain,Neuro Physiotherapist,BPT  MPT Orthopedics,,,8061809190,rohan.jain42@arthomove-demo.com,1200,,,ACTIVE
43,12,4,Ritika,Joshi,Pain Management Specialist,PhD Physiotherapy,,,9926659184,ritika.joshi43@arthomove-demo.com,800,,,ACTIVE
44,13,4,Manoj,Chopra,Pediatric Orthopedist,PhD Physiotherapy,,,9117298068,manoj.chopra44@arthomove-demo.com,400,,,ACTIVE
45,13,4,Nisha,Menon,Orthopedic Surgeon,MBBS  DNB Ortho,,,9180635651,nisha.menon45@arthomove-demo.com,400,,,ACTIVE
46,13,4,Neha,Singh,Neuro Physiotherapist,MBBS  MS Ortho,,,9463920867,neha.singh46@arthomove-demo.com,600,,,INACTIVE
47,14,5,Farhan,Mehta,Shoulder Specialist,PhD Physiotherapy,,,9487282997,farhan.mehta47@arthomove-demo.com,1500,,,ACTIVE
48,14,5,Sneha,Khan,Spine Specialist,MBBS  Diploma Orthopedics,,,9573065240,sneha.khan48@arthomove-demo.com,1000,,,ACTIVE
49,15,5,Manoj,Pillai,Physiotherapist,BPT  MPT Sports,,,9961055661,manoj.pillai49@arthomove-demo.com,800,,,ACTIVE
50,15,5,Sneha,Reddy,Rehabilitation Consultant,MBBS  DNB Ortho,,,7925188125,sneha.reddy50@arthomove-demo.com,600,,,ACTIVE
51,15,5,Anjali,Nair,Neuro Physiotherapist,PhD Physiotherapy,,,7452111751,anjali.nair51@arthomove-demo.com,750,,,ACTIVE
52,16,5,Priya,Kumar,Pain Management Specialist,MPT Neuro Rehab,,,8829962914,priya.kumar52@arthomove-demo.com,400,,,ACTIVE
53,16,5,Anjali,Khan,Orthopedic Surgeon,MBBS  Fellowship Spine,,,7166299795,anjali.khan53@arthomove-demo.com,500,,,ACTIVE
54,16,5,Divya,Mishra,Physiotherapist,BPT  MPT Orthopedics,,,8619196570,divya.mishra54@arthomove-demo.com,1500,,,ACTIVE
55,16,5,Arjun,Kumar,Sports Rehab Specialist,PhD Physiotherapy,,,9027621267,arjun.kumar55@arthomove-demo.com,400,,,ACTIVE
56,17,5,Priya,Patel,Knee Specialist,BPT  MPT Orthopedics,,,7753443009,priya.patel56@arthomove-demo.com,500,,,ACTIVE
57,17,5,Aditya,Menon,Pediatric Orthopedist,MBBS  Fellowship Spine,,,7192692124,aditya.menon57@arthomove-demo.com,500,,,INACTIVE
58,18,6,Rahul,Rao,Shoulder Specialist,BPT  MPT Orthopedics,,,8432806346,rahul.rao58@arthomove-demo.com,1000,,,ACTIVE
59,18,6,Vikram,Nair,Pediatric Orthopedist,BPT  MPT Sports,,,7791456083,vikram.nair59@arthomove-demo.com,400,,,ACTIVE
60,18,6,Kavya,Iyer,Pediatric Orthopedist,MBBS  Diploma Orthopedics,,,9837340312,kavya.iyer60@arthomove-demo.com,1000,,,INACTIVE
61,18,6,Sneha,Sharma,Pediatric Orthopedist,MBBS  DNB Ortho,,,7177625349,sneha.sharma61@arthomove-demo.com,400,,,ACTIVE
62,18,6,Ritika,Mishra,Pain Management Specialist,MBBS  Fellowship Spine,,,9223105927,ritika.mishra62@arthomove-demo.com,600,,,ACTIVE
63,19,6,Sneha,Pillai,Pediatric Orthopedist,PhD Physiotherapy,,,7478519610,sneha.pillai63@arthomove-demo.com,500,,,ACTIVE
64,19,6,Amit,Menon,Sports Rehab Specialist,MBBS  DNB Ortho,,,9988816711,amit.menon64@arthomove-demo.com,750,,,ACTIVE
65,19,6,Swetha,Pillai,Pediatric Orthopedist,MBBS  Diploma Orthopedics,,,9657967842,swetha.pillai65@arthomove-demo.com,800,,,INACTIVE
66,19,6,Nisha,Khan,Neuro Physiotherapist,MPT Neuro Rehab,,,7010170269,nisha.khan66@arthomove-demo.com,750,,,ACTIVE
67,19,6,Farhan,Chopra,Spine Specialist,PhD Physiotherapy,,,7230347786,farhan.chopra67@arthomove-demo.com,1200,,,ACTIVE
68,20,6,Manoj,Rao,Spine Specialist,BPT  MPT Sports,,,8596363212,manoj.rao68@arthomove-demo.com,500,,,INACTIVE
69,20,6,Nisha,Gupta,Pediatric Orthopedist,PhD Physiotherapy,,,8971072563,nisha.gupta69@arthomove-demo.com,1500,,,ACTIVE
70,20,6,Sneha,Kumar,Pain Management Specialist,PhD Physiotherapy,,,8490810818,sneha.kumar70@arthomove-demo.com,750,,,ACTIVE
71,20,6,Karthik,Menon,Sports Rehab Specialist,MPT Neuro Rehab,,,8743380054,karthik.menon71@arthomove-demo.com,1500,,,ACTIVE
72,21,7,Rohan,Sharma,Knee Specialist,MPT Neuro Rehab,,,9290846684,rohan.sharma72@arthomove-demo.com,400,,,ACTIVE
73,21,7,Pooja,Kumar,Rehabilitation Consultant,MBBS  Fellowship Spine,,,7884852008,pooja.kumar73@arthomove-demo.com,800,,,ACTIVE
74,21,7,Sanjay,Reddy,Shoulder Specialist,MBBS  DNB Ortho,,,8022960443,sanjay.reddy74@arthomove-demo.com,800,,,ACTIVE
75,22,7,Nisha,Chopra,Pain Management Specialist,MBBS  Fellowship Spine,,,9398402891,nisha.chopra75@arthomove-demo.com,1200,,,ACTIVE
76,22,7,Ritika,Iyer,Sports Rehab Specialist,MPT Neuro Rehab,,,7985547435,ritika.iyer76@arthomove-demo.com,800,,,ACTIVE
77,22,7,Amit,Iyer,Orthopedic Surgeon,MBBS  DNB Ortho,,,7928456797,amit.iyer77@arthomove-demo.com,500,,,ACTIVE
78,22,7,Rahul,Gupta,Rehabilitation Consultant,MPT Neuro Rehab,,,8333153779,rahul.gupta78@arthomove-demo.com,400,,,ACTIVE
79,22,7,Arjun,Mehta,Knee Specialist,BPT  MPT Sports,,,9078263337,arjun.mehta79@arthomove-demo.com,1200,,,ACTIVE
80,23,7,Manoj,Verma,Physiotherapist,BPT  MPT Orthopedics,,,9372742209,manoj.verma80@arthomove-demo.com,500,,,ACTIVE
81,23,7,Meera,Rao,Spine Specialist,BPT  MPT Sports,,,7206815583,meera.rao81@arthomove-demo.com,500,,,ACTIVE
82,23,7,Ravi,Khan,Physiotherapist,MBBS  MS Ortho,,,8277689627,ravi.khan82@arthomove-demo.com,1000,,,ACTIVE
83,23,7,Karthik,Menon,Orthopedic Surgeon,PhD Physiotherapy,,,7467912141,karthik.menon83@arthomove-demo.com,600,,,INACTIVE
84,23,7,Sanjay,Das,Physiotherapist,MBBS  Diploma Orthopedics,,,9620918435,sanjay.das84@arthomove-demo.com,400,,,ACTIVE
85,24,8,Farhan,Kumar,Knee Specialist,PhD Physiotherapy,,,7015720185,farhan.kumar85@arthomove-demo.com,1200,,,ACTIVE
86,24,8,Priya,Singh,Spine Specialist,BPT  MPT Sports,,,9892625660,priya.singh86@arthomove-demo.com,1000,,,ACTIVE
87,25,8,Nisha,Patel,Physiotherapist,MPT Neuro Rehab,,,8112849718,nisha.patel87@arthomove-demo.com,1200,,,ACTIVE
88,25,8,Kavya,Mehta,Orthopedic Surgeon,MBBS  Diploma Orthopedics,,,8251538144,kavya.mehta88@arthomove-demo.com,1200,,,ACTIVE
89,25,8,Swetha,Jain,Rehabilitation Consultant,MPT Neuro Rehab,,,7102258030,swetha.jain89@arthomove-demo.com,1200,,,ACTIVE
90,26,8,Divya,Sharma,Orthopedic Surgeon,BPT  MPT Sports,,,9424089164,divya.sharma90@arthomove-demo.com,1000,,,ACTIVE
91,26,8,Lakshmi,Mishra,Physiotherapist,BPT  MPT Sports,,,7841862030,lakshmi.mishra91@arthomove-demo.com,400,,,ACTIVE
92,26,8,Karthik,Jain,Shoulder Specialist,MBBS  Diploma Orthopedics,,,8769523668,karthik.jain92@arthomove-demo.com,1000,,,ACTIVE
93,26,8,Arjun,Patel,Shoulder Specialist,BPT  MPT Orthopedics,,,9356521568,arjun.patel93@arthomove-demo.com,800,,,ACTIVE
94,27,9,Sneha,Iyer,Pain Management Specialist,MBBS  Diploma Orthopedics,,,9613671577,sneha.iyer94@arthomove-demo.com,1200,,,ACTIVE
95,27,9,Karthik,Iyer,Knee Specialist,MBBS  Fellowship Spine,,,8515597371,karthik.iyer95@arthomove-demo.com,1200,,,ACTIVE
96,28,9,Lakshmi,Jain,Sports Rehab Specialist,MBBS  Fellowship Spine,,,9263128196,lakshmi.jain96@arthomove-demo.com,1200,,,ACTIVE
97,28,9,Meera,Thomas,Knee Specialist,MPT Neuro Rehab,,,8224029901,meera.thomas97@arthomove-demo.com,1000,,,ACTIVE
98,28,9,Priya,Khan,Physiotherapist,MBBS  MS Ortho,,,8455618579,priya.khan98@arthomove-demo.com,1200,,,INACTIVE
99,29,9,Nisha,Gupta,Pediatric Orthopedist,MBBS  Fellowship Spine,,,8134732354,nisha.gupta99@arthomove-demo.com,1200,,,ACTIVE
100,29,9,Neha,Reddy,Spine Specialist,MBBS  Diploma Orthopedics,,,7114577584,neha.reddy100@arthomove-demo.com,600,,,INACTIVE
101,30,9,Rahul,Jain,Sports Rehab Specialist,BPT  MPT Orthopedics,,,7787010415,rahul.jain101@arthomove-demo.com,1200,,,ACTIVE
102,30,9,Karthik,Joshi,Neuro Physiotherapist,PhD Physiotherapy,,,9785598217,karthik.joshi102@arthomove-demo.com,750,,,ACTIVE
103,30,9,Rahul,Das,Knee Specialist,MBBS  MS Ortho,,,8023850371,rahul.das103@arthomove-demo.com,800,,,ACTIVE
104,30,9,Amit,Verma,Physiotherapist,PhD Physiotherapy,,,7560331903,amit.verma104@arthomove-demo.com,1000,,,ACTIVE
105,31,10,Amit,Joshi,Physiotherapist,MPT Neuro Rehab,,,8956164205,amit.joshi105@arthomove-demo.com,750,,,ACTIVE
106,31,10,Arjun,Khan,Sports Rehab Specialist,MPT Neuro Rehab,,,9812099576,arjun.khan106@arthomove-demo.com,600,,,INACTIVE
107,31,10,Aditya,Thomas,Spine Specialist,PhD Physiotherapy,,,8836085456,aditya.thomas107@arthomove-demo.com,400,,,ACTIVE
108,31,10,Ravi,Rao,Physiotherapist,BPT  MPT Sports,,,8931269789,ravi.rao108@arthomove-demo.com,600,,,ACTIVE
109,31,10,Manoj,Singh,Knee Specialist,MBBS  Diploma Orthopedics,,,8205996043,manoj.singh109@arthomove-demo.com,800,,,INACTIVE
110,32,10,Anjali,Gupta,Spine Specialist,MBBS  Diploma Orthopedics,,,7227051028,anjali.gupta110@arthomove-demo.com,500,,,ACTIVE
111,32,10,Varun,Gupta,Pain Management Specialist,MPT Neuro Rehab,,,9240642429,varun.gupta111@arthomove-demo.com,750,,,INACTIVE
112,32,10,Varun,Jain,Neuro Physiotherapist,BPT  MPT Orthopedics,,,9595764038,varun.jain112@arthomove-demo.com,750,,,ACTIVE
113,33,11,Nisha,Iyer,Pediatric Orthopedist,BPT  MPT Orthopedics,,,8758512686,nisha.iyer113@arthomove-demo.com,1500,,,ACTIVE
114,33,11,Vikram,Rao,Pediatric Orthopedist,MBBS  MS Ortho,,,9979695867,vikram.rao114@arthomove-demo.com,800,,,INACTIVE
115,33,11,Varun,Chopra,Knee Specialist,MBBS  MS Ortho,,,8532735241,varun.chopra115@arthomove-demo.com,750,,,ACTIVE
116,33,11,Divya,Joshi,Physiotherapist,MBBS  DNB Ortho,,,9810798334,divya.joshi116@arthomove-demo.com,800,,,ACTIVE
117,33,11,Kavya,Khan,Neuro Physiotherapist,BPT  MPT Sports,,,7641758231,kavya.khan117@arthomove-demo.com,600,,,ACTIVE
118,34,11,Karthik,Pillai,Shoulder Specialist,MBBS  MS Ortho,,,9606940960,karthik.pillai118@arthomove-demo.com,1500,,,ACTIVE
119,34,11,Lakshmi,Mehta,Pain Management Specialist,MBBS  DNB Ortho,,,7507026086,lakshmi.mehta119@arthomove-demo.com,1000,,,ACTIVE
120,35,12,Rohan,Mehta,Sports Rehab Specialist,MPT Neuro Rehab,,,8032020326,rohan.mehta120@arthomove-demo.com,400,,,INACTIVE
121,35,12,Manoj,Khan,Shoulder Specialist,MBBS  Fellowship Spine,,,9673794871,manoj.khan121@arthomove-demo.com,750,,,ACTIVE
122,35,12,Ritika,Khan,Spine Specialist,PhD Physiotherapy,,,9641789969,ritika.khan122@arthomove-demo.com,1500,,,ACTIVE
123,35,12,Amit,Pillai,Physiotherapist,MBBS  MS Ortho,,,7599660577,amit.pillai123@arthomove-demo.com,500,,,ACTIVE
124,36,12,Amit,Chopra,Spine Specialist,MBBS  Diploma Orthopedics,,,9837490797,amit.chopra124@arthomove-demo.com,1000,,,INACTIVE
125,36,12,Aditya,Sharma,Shoulder Specialist,MBBS  DNB Ortho,,,7918623392,aditya.sharma125@arthomove-demo.com,500,,,INACTIVE
126,36,12,Manoj,Iyer,Shoulder Specialist,MBBS  Fellowship Spine,,,8966672521,manoj.iyer126@arthomove-demo.com,500,,,ACTIVE
127,36,12,Lakshmi,Das,Orthopedic Surgeon,MPT Neuro Rehab,,,8635806882,lakshmi.das127@arthomove-demo.com,400,,,ACTIVE
128,37,13,Lakshmi,Jain,Orthopedic Surgeon,MPT Neuro Rehab,,,9311127128,lakshmi.jain128@arthomove-demo.com,1500,,,ACTIVE
129,37,13,Anjali,Pillai,Orthopedic Surgeon,PhD Physiotherapy,,,9130981079,anjali.pillai129@arthomove-demo.com,1200,,,INACTIVE
130,38,13,Isha,Thomas,Shoulder Specialist,MBBS  MS Ortho,,,9715802909,isha.thomas130@arthomove-demo.com,400,,,ACTIVE
131,38,13,Meera,Khan,Pediatric Orthopedist,MBBS  Fellowship Spine,,,8907280123,meera.khan131@arthomove-demo.com,600,,,ACTIVE
132,38,13,Ritika,Pillai,Pediatric Orthopedist,MPT Neuro Rehab,,,8970581629,ritika.pillai132@arthomove-demo.com,750,,,ACTIVE
133,38,13,Manoj,Verma,Pediatric Orthopedist,MBBS  MS Ortho,,,8634250733,manoj.verma133@arthomove-demo.com,800,,,ACTIVE
134,39,13,Lakshmi,Gupta,Pediatric Orthopedist,MPT Neuro Rehab,,,9040325376,lakshmi.gupta134@arthomove-demo.com,800,,,ACTIVE
135,39,13,Kavya,Kumar,Pediatric Orthopedist,MBBS  MS Ortho,,,9292361618,kavya.kumar135@arthomove-demo.com,1000,,,ACTIVE
136,40,13,Karthik,Rao,Pediatric Orthopedist,PhD Physiotherapy,,,7785847129,karthik.rao136@arthomove-demo.com,600,,,ACTIVE
137,40,13,Rahul,Gupta,Spine Specialist,MBBS  MS Ortho,,,7605080184,rahul.gupta137@arthomove-demo.com,600,,,ACTIVE
138,41,14,Priya,Khan,Shoulder Specialist,BPT  MPT Sports,,,9444983553,priya.khan138@arthomove-demo.com,500,,,ACTIVE
139,41,14,Rohan,Gupta,Spine Specialist,MPT Neuro Rehab,,,9948532089,rohan.gupta139@arthomove-demo.com,750,,,ACTIVE
140,41,14,Isha,Chopra,Spine Specialist,PhD Physiotherapy,,,9196263355,isha.chopra140@arthomove-demo.com,1000,,,ACTIVE
141,41,14,Ravi,Patel,Shoulder Specialist,MBBS  Diploma Orthopedics,,,8808806220,ravi.patel141@arthomove-demo.com,600,,,INACTIVE
142,42,14,Vikram,Verma,Pain Management Specialist,BPT  MPT Orthopedics,,,8753726032,vikram.verma142@arthomove-demo.com,1500,,,ACTIVE
143,42,14,Kavya,Nair,Orthopedic Surgeon,MBBS  Diploma Orthopedics,,,9840083850,kavya.nair143@arthomove-demo.com,500,,,ACTIVE
144,43,14,Manoj,Chopra,Spine Specialist,PhD Physiotherapy,,,8527758446,manoj.chopra144@arthomove-demo.com,800,,,ACTIVE
145,43,14,Lakshmi,Mehta,Shoulder Specialist,PhD Physiotherapy,,,7178332584,lakshmi.mehta145@arthomove-demo.com,1000,,,ACTIVE
146,44,14,Farhan,Kumar,Pain Management Specialist,PhD Physiotherapy,,,8561851744,farhan.kumar146@arthomove-demo.com,1200,,,ACTIVE
147,44,14,Arjun,Das,Sports Rehab Specialist,BPT  MPT Orthopedics,,,9991511455,arjun.das147@arthomove-demo.com,500,,,ACTIVE
148,44,14,Neha,Thomas,Pediatric Orthopedist,BPT  MPT Sports,,,7916497016,neha.thomas148@arthomove-demo.com,800,,,ACTIVE
149,44,14,Rahul,Sharma,Neuro Physiotherapist,BPT  MPT Orthopedics,,,8142442607,rahul.sharma149@arthomove-demo.com,800,,,ACTIVE
150,45,15,Rohan,Mehta,Shoulder Specialist,BPT  MPT Sports,,,9201904322,rohan.mehta150@arthomove-demo.com,1500,,,ACTIVE
151,45,15,Aditya,Menon,Orthopedic Surgeon,BPT  MPT Orthopedics,,,8687191203,aditya.menon151@arthomove-demo.com,750,,,ACTIVE
152,46,15,Meera,Gupta,Knee Specialist,BPT  MPT Orthopedics,,,8098221040,meera.gupta152@arthomove-demo.com,1500,,,ACTIVE
153,46,15,Aditya,Sharma,Shoulder Specialist,MBBS  Fellowship Spine,,,9043333538,aditya.sharma153@arthomove-demo.com,400,,,ACTIVE
154,46,15,Isha,Joshi,Knee Specialist,MBBS  DNB Ortho,,,7300915618,isha.joshi154@arthomove-demo.com,400,,,ACTIVE
155,46,15,Swetha,Chopra,Pediatric Orthopedist,MPT Neuro Rehab,,,9489971842,swetha.chopra155@arthomove-demo.com,1200,,,INACTIVE
156,46,15,Swetha,Singh,Orthopedic Surgeon,MBBS  DNB Ortho,,,9841333731,swetha.singh156@arthomove-demo.com,1200,,,ACTIVE
157,47,16,Neha,Kumar,Shoulder Specialist,MBBS  Fellowship Spine,,,9089843699,neha.kumar157@arthomove-demo.com,1200,,,ACTIVE
158,47,16,Varun,Chopra,Rehabilitation Consultant,MPT Neuro Rehab,,,7457887071,varun.chopra158@arthomove-demo.com,500,,,ACTIVE
159,48,16,Divya,Jain,Sports Rehab Specialist,MBBS  DNB Ortho,,,9528572562,divya.jain159@arthomove-demo.com,800,,,ACTIVE
160,48,16,Sneha,Mehta,Rehabilitation Consultant,BPT  MPT Orthopedics,,,8318328123,sneha.mehta160@arthomove-demo.com,600,,,ACTIVE
161,49,16,Swetha,Kumar,Pediatric Orthopedist,BPT  MPT Sports,,,9950143748,swetha.kumar161@arthomove-demo.com,600,,,INACTIVE
162,49,16,Meera,Patel,Pediatric Orthopedist,MBBS  DNB Ortho,,,7397191260,meera.patel162@arthomove-demo.com,1200,,,ACTIVE
163,50,17,Neha,Menon,Shoulder Specialist,MBBS  MS Ortho,,,8103995297,neha.menon163@arthomove-demo.com,1000,,,INACTIVE
164,50,17,Arjun,Thomas,Sports Rehab Specialist,MBBS  MS Ortho,,,8124760108,arjun.thomas164@arthomove-demo.com,750,,,ACTIVE
165,51,17,Ravi,Patel,Physiotherapist,BPT  MPT Orthopedics,,,8203708782,ravi.patel165@arthomove-demo.com,800,,,ACTIVE
166,51,17,Rahul,Nair,Orthopedic Surgeon,MBBS  Diploma Orthopedics,,,9135998989,rahul.nair166@arthomove-demo.com,800,,,ACTIVE
167,51,17,Manoj,Rao,Sports Rehab Specialist,MBBS  Fellowship Spine,,,9149611287,manoj.rao167@arthomove-demo.com,750,,,ACTIVE
168,51,17,Suresh,Thomas,Pediatric Orthopedist,BPT  MPT Orthopedics,,,9698748694,suresh.thomas168@arthomove-demo.com,750,,,INACTIVE
169,51,17,Lakshmi,Nair,Shoulder Specialist,MBBS  Fellowship Spine,,,7421838545,lakshmi.nair169@arthomove-demo.com,800,,,ACTIVE
170,52,17,Sneha,Verma,Pain Management Specialist,MBBS  DNB Ortho,,,9177633427,sneha.verma170@arthomove-demo.com,1500,,,ACTIVE
171,52,17,Suresh,Mishra,Knee Specialist,MBBS  Fellowship Spine,,,8508019630,suresh.mishra171@arthomove-demo.com,600,,,ACTIVE
172,52,17,Nisha,Jain,Spine Specialist,BPT  MPT Sports,,,9986424238,nisha.jain172@arthomove-demo.com,400,,,ACTIVE
173,53,17,Meera,Das,Pain Management Specialist,MPT Neuro Rehab,,,8100307620,meera.das173@arthomove-demo.com,1200,,,ACTIVE
174,53,17,Pooja,Patel,Pain Management Specialist,BPT  MPT Orthopedics,,,7952175585,pooja.patel174@arthomove-demo.com,500,,,ACTIVE
175,53,17,Rohan,Mehta,Sports Rehab Specialist,BPT  MPT Orthopedics,,,8161982734,rohan.mehta175@arthomove-demo.com,800,,,ACTIVE
176,54,18,Varun,Patel,Pediatric Orthopedist,BPT  MPT Orthopedics,,,8510740913,varun.patel176@arthomove-demo.com,400,,,ACTIVE
177,54,18,Amit,Das,Spine Specialist,MBBS  Diploma Orthopedics,,,9947950740,amit.das177@arthomove-demo.com,600,,,ACTIVE
178,54,18,Isha,Menon,Sports Rehab Specialist,PhD Physiotherapy,,,9059503100,isha.menon178@arthomove-demo.com,1500,,,ACTIVE
179,55,18,Amit,Iyer,Rehabilitation Consultant,MBBS  Diploma Orthopedics,,,9558819597,amit.iyer179@arthomove-demo.com,1200,,,ACTIVE
180,55,18,Suresh,Kumar,Spine Specialist,BPT  MPT Orthopedics,,,7041447432,suresh.kumar180@arthomove-demo.com,600,,,ACTIVE
181,55,18,Sanjay,Pillai,Pediatric Orthopedist,MBBS  DNB Ortho,,,7202030423,sanjay.pillai181@arthomove-demo.com,750,,,INACTIVE
182,55,18,Nisha,Gupta,Spine Specialist,BPT  MPT Sports,,,7472505833,nisha.gupta182@arthomove-demo.com,1000,,,ACTIVE
183,55,18,Anjali,Verma,Pain Management Specialist,BPT  MPT Sports,,,8914261404,anjali.verma183@arthomove-demo.com,600,,,ACTIVE
184,56,18,Amit,Singh,Orthopedic Surgeon,MBBS  MS Ortho,,,9527810558,amit.singh184@arthomove-demo.com,400,,,INACTIVE
185,56,18,Sneha,Khan,Sports Rehab Specialist,BPT  MPT Sports,,,8257316094,sneha.khan185@arthomove-demo.com,600,,,ACTIVE
186,57,18,Vikram,Thomas,Knee Specialist,MBBS  DNB Ortho,,,8076108708,vikram.thomas186@arthomove-demo.com,500,,,ACTIVE
187,57,18,Farhan,Patel,Physiotherapist,PhD Physiotherapy,,,7124139369,farhan.patel187@arthomove-demo.com,1500,,,ACTIVE
188,57,18,Rahul,Pillai,Shoulder Specialist,MBBS  DNB Ortho,,,9739889413,rahul.pillai188@arthomove-demo.com,1200,,,ACTIVE
189,58,19,Priya,Kumar,Pediatric Orthopedist,PhD Physiotherapy,,,7025121375,priya.kumar189@arthomove-demo.com,750,,,ACTIVE
190,58,19,Farhan,Kumar,Pain Management Specialist,MBBS  Fellowship Spine,,,7764871775,farhan.kumar190@arthomove-demo.com,400,,,ACTIVE
191,58,19,Isha,Kumar,Knee Specialist,MBBS  MS Ortho,,,9420661549,isha.kumar191@arthomove-demo.com,600,,,ACTIVE
192,58,19,Vikram,Nair,Rehabilitation Consultant,PhD Physiotherapy,,,9633761851,vikram.nair192@arthomove-demo.com,750,,,ACTIVE
193,58,19,Pooja,Reddy,Pediatric Orthopedist,BPT  MPT Orthopedics,,,8509286052,pooja.reddy193@arthomove-demo.com,400,,,ACTIVE
194,59,19,Aditya,Chopra,Neuro Physiotherapist,MBBS  MS Ortho,,,7856302750,aditya.chopra194@arthomove-demo.com,800,,,INACTIVE
195,59,19,Rahul,Mehta,Knee Specialist,MBBS  Fellowship Spine,,,9953056418,rahul.mehta195@arthomove-demo.com,1200,,,ACTIVE
196,59,19,Farhan,Das,Shoulder Specialist,BPT  MPT Orthopedics,,,8521383507,farhan.das196@arthomove-demo.com,750,,,ACTIVE
197,60,19,Ravi,Mishra,Physiotherapist,BPT  MPT Orthopedics,,,8873048625,ravi.mishra197@arthomove-demo.com,1000,,,ACTIVE
198,60,19,Neha,Chopra,Pediatric Orthopedist,MBBS  MS Ortho,,,9645099990,neha.chopra198@arthomove-demo.com,800,,,ACTIVE
199,60,19,Suresh,Chopra,Rehabilitation Consultant,PhD Physiotherapy,,,7908352118,suresh.chopra199@arthomove-demo.com,1000,,,ACTIVE
200,61,20,Arjun,Kumar,Shoulder Specialist,BPT  MPT Orthopedics,,,7609085818,arjun.kumar200@arthomove-demo.com,1000,,,ACTIVE
201,61,20,Divya,Sharma,Sports Rehab Specialist,PhD Physiotherapy,,,9736158736,divya.sharma201@arthomove-demo.com,800,,,ACTIVE
202,61,20,Ravi,Mishra,Rehabilitation Consultant,MBBS  Diploma Orthopedics,,,8403439881,ravi.mishra202@arthomove-demo.com,500,,,ACTIVE
203,61,20,Priya,Menon,Orthopedic Surgeon,BPT  MPT Orthopedics,,,7113869087,priya.menon203@arthomove-demo.com,1500,,,ACTIVE
204,61,20,Vikram,Pillai,Rehabilitation Consultant,MBBS  DNB Ortho,,,8622021237,vikram.pillai204@arthomove-demo.com,1200,,,ACTIVE
205,62,20,Sneha,Gupta,Rehabilitation Consultant,MBBS  Diploma Orthopedics,,,8026208581,sneha.gupta205@arthomove-demo.com,1500,,,ACTIVE
206,62,20,Isha,Nair,Knee Specialist,MBBS  Diploma Orthopedics,,,9666562241,isha.nair206@arthomove-demo.com,1500,,,ACTIVE
207,62,20,Ravi,Singh,Orthopedic Surgeon,PhD Physiotherapy,,,8713171978,ravi.singh207@arthomove-demo.com,400,,,ACTIVE
208,63,20,Sanjay,Patel,Physiotherapist,MBBS  Diploma Orthopedics,,,8535821072,sanjay.patel208@arthomove-demo.com,500,,,ACTIVE
209,63,20,Sneha,Menon,Pediatric Orthopedist,PhD Physiotherapy,,,8718375307,sneha.menon209@arthomove-demo.com,1200,,,ACTIVE
210,63,20,Anjali,Jain,Neuro Physiotherapist,BPT  MPT Orthopedics,,,8913952150,anjali.jain210@arthomove-demo.com,1000,,,ACTIVE
211,63,20,Sneha,Jain,Orthopedic Surgeon,MBBS  Diploma Orthopedics,,,7602446546,sneha.jain211@arthomove-demo.com,1500,,,ACTIVE
212,64,20,Ritika,Verma,Sports Rehab Specialist,MBBS  DNB Ortho,,,7925468627,ritika.verma212@arthomove-demo.com,1200,,,ACTIVE
213,64,20,Karthik,Kumar,Neuro Physiotherapist,MBBS  DNB Ortho,,,7757691716,karthik.kumar213@arthomove-demo.com,500,,,ACTIVE
214,64,20,Arjun,Nair,Pediatric Orthopedist,BPT  MPT Orthopedics,,,8486983052,arjun.nair214@arthomove-demo.com,1000,,,ACTIVE
215,64,20,Vikram,Jain,Sports Rehab Specialist,MBBS  Fellowship Spine,,,7805983124,vikram.jain215@arthomove-demo.com,1200,,,ACTIVE
216,65,21,Isha,Das,Pediatric Orthopedist,PhD Physiotherapy,,,7267131753,isha.das216@arthomove-demo.com,500,,,ACTIVE
217,65,21,Suresh,Nair,Sports Rehab Specialist,PhD Physiotherapy,,,7182562472,suresh.nair217@arthomove-demo.com,600,,,ACTIVE
218,65,21,Vikram,Iyer,Spine Specialist,BPT  MPT Orthopedics,,,7094416423,vikram.iyer218@arthomove-demo.com,750,,,ACTIVE
219,66,21,Manoj,Mishra,Physiotherapist,MBBS  Fellowship Spine,,,8047614378,manoj.mishra219@arthomove-demo.com,800,,,ACTIVE
220,66,21,Rohan,Das,Spine Specialist,MBBS  Fellowship Spine,,,7708649426,rohan.das220@arthomove-demo.com,750,,,ACTIVE
221,66,21,Manoj,Sharma,Pediatric Orthopedist,BPT  MPT Orthopedics,,,9407030880,manoj.sharma221@arthomove-demo.com,600,,,ACTIVE
222,67,21,Ravi,Verma,Pediatric Orthopedist,MBBS  MS Ortho,,,9125949722,ravi.verma222@arthomove-demo.com,1200,,,ACTIVE
223,67,21,Aditya,Joshi,Spine Specialist,PhD Physiotherapy,,,7600014407,aditya.joshi223@arthomove-demo.com,500,,,ACTIVE
224,67,21,Vikram,Chopra,Physiotherapist,MBBS  Fellowship Spine,,,9770040930,vikram.chopra224@arthomove-demo.com,1200,,,ACTIVE
225,67,21,Rahul,Reddy,Neuro Physiotherapist,MBBS  Fellowship Spine,,,7539707745,rahul.reddy225@arthomove-demo.com,600,,,ACTIVE
226,67,21,Ravi,Jain,Knee Specialist,PhD Physiotherapy,,,7359605302,ravi.jain226@arthomove-demo.com,600,,,ACTIVE
227,68,22,Anjali,Menon,Pediatric Orthopedist,MBBS  Fellowship Spine,,,7203025209,anjali.menon227@arthomove-demo.com,400,,,ACTIVE
228,68,22,Arjun,Mishra,Knee Specialist,BPT  MPT Orthopedics,,,7472660235,arjun.mishra228@arthomove-demo.com,400,,,ACTIVE
229,69,22,Aditya,Nair,Spine Specialist,BPT  MPT Orthopedics,,,7023209140,aditya.nair229@arthomove-demo.com,1000,,,ACTIVE
230,69,22,Aditya,Das,Sports Rehab Specialist,MBBS  MS Ortho,,,9410740274,aditya.das230@arthomove-demo.com,800,,,ACTIVE
231,69,22,Pooja,Patel,Shoulder Specialist,MBBS  Diploma Orthopedics,,,8949638309,pooja.patel231@arthomove-demo.com,1200,,,ACTIVE
232,70,23,Nisha,Kumar,Orthopedic Surgeon,BPT  MPT Sports,,,8892584907,nisha.kumar232@arthomove-demo.com,750,,,ACTIVE
233,70,23,Meera,Patel,Knee Specialist,MBBS  DNB Ortho,,,9315181788,meera.patel233@arthomove-demo.com,1200,,,ACTIVE
234,70,23,Isha,Menon,Neuro Physiotherapist,PhD Physiotherapy,,,9157908945,isha.menon234@arthomove-demo.com,500,,,ACTIVE
235,70,23,Manoj,Menon,Neuro Physiotherapist,BPT  MPT Orthopedics,,,8975729273,manoj.menon235@arthomove-demo.com,750,,,ACTIVE
236,71,23,Farhan,Verma,Knee Specialist,MPT Neuro Rehab,,,8900385025,farhan.verma236@arthomove-demo.com,800,,,ACTIVE
237,71,23,Varun,Menon,Pain Management Specialist,MBBS  MS Ortho,,,8867228839,varun.menon237@arthomove-demo.com,800,,,ACTIVE
238,71,23,Rahul,Chopra,Knee Specialist,BPT  MPT Sports,,,8257068026,rahul.chopra238@arthomove-demo.com,1000,,,ACTIVE
239,71,23,Anjali,Iyer,Knee Specialist,BPT  MPT Sports,,,7822224005,anjali.iyer239@arthomove-demo.com,1200,,,ACTIVE
240,71,23,Rahul,Khan,Sports Rehab Specialist,MBBS  Fellowship Spine,,,8896780826,rahul.khan240@arthomove-demo.com,400,,,ACTIVE
241,72,23,Divya,Gupta,Pediatric Orthopedist,MBBS  Fellowship Spine,,,7612590163,divya.gupta241@arthomove-demo.com,500,,,ACTIVE
242,72,23,Priya,Sharma,Physiotherapist,MBBS  Fellowship Spine,,,9301481160,priya.sharma242@arthomove-demo.com,1200,,,ACTIVE
243,72,23,Pooja,Patel,Neuro Physiotherapist,MBBS  DNB Ortho,,,7144130686,pooja.patel243@arthomove-demo.com,400,,,ACTIVE
244,73,24,Neha,Mishra,Orthopedic Surgeon,PhD Physiotherapy,,,7084376992,neha.mishra244@arthomove-demo.com,600,,,ACTIVE
245,73,24,Amit,Mehta,Spine Specialist,BPT  MPT Sports,,,8937063250,amit.mehta245@arthomove-demo.com,600,,,ACTIVE
246,73,24,Swetha,Mehta,Spine Specialist,MBBS  Diploma Orthopedics,,,9776665052,swetha.mehta246@arthomove-demo.com,500,,,ACTIVE
247,73,24,Kavya,Verma,Rehabilitation Consultant,PhD Physiotherapy,,,8224945104,kavya.verma247@arthomove-demo.com,800,,,ACTIVE
248,74,24,Divya,Singh,Pediatric Orthopedist,BPT  MPT Sports,,,9208564901,divya.singh248@arthomove-demo.com,800,,,ACTIVE
249,74,24,Anjali,Mishra,Neuro Physiotherapist,MBBS  Diploma Orthopedics,,,9972073827,anjali.mishra249@arthomove-demo.com,750,,,ACTIVE
250,75,24,Rohan,Reddy,Orthopedic Surgeon,MBBS  Fellowship Spine,,,7344009522,rohan.reddy250@arthomove-demo.com,1200,,,ACTIVE
251,75,24,Divya,Thomas,Spine Specialist,BPT  MPT Sports,,,9301000908,divya.thomas251@arthomove-demo.com,1200,,,ACTIVE
252,75,24,Isha,Joshi,Physiotherapist,MBBS  DNB Ortho,,,9028354158,isha.joshi252@arthomove-demo.com,400,,,ACTIVE
253,75,24,Sneha,Thomas,Rehabilitation Consultant,MBBS  MS Ortho,,,9474705311,sneha.thomas253@arthomove-demo.com,500,,,ACTIVE
254,75,24,Sneha,Nair,Sports Rehab Specialist,MBBS  Diploma Orthopedics,,,8931806200,sneha.nair254@arthomove-demo.com,750,,,ACTIVE
255,76,25,Ravi,Reddy,Rehabilitation Consultant,MPT Neuro Rehab,,,8862673664,ravi.reddy255@arthomove-demo.com,750,,,ACTIVE
256,76,25,Aditya,Das,Rehabilitation Consultant,PhD Physiotherapy,,,7450509284,aditya.das256@arthomove-demo.com,400,,,ACTIVE
257,76,25,Suresh,Patel,Physiotherapist,MBBS  MS Ortho,,,8851502045,suresh.patel257@arthomove-demo.com,1200,,,ACTIVE
258,77,25,Aditya,Mehta,Spine Specialist,MBBS  DNB Ortho,,,9297711506,aditya.mehta258@arthomove-demo.com,500,,,ACTIVE
259,77,25,Manoj,Patel,Neuro Physiotherapist,MBBS  MS Ortho,,,9915304450,manoj.patel259@arthomove-demo.com,800,,,ACTIVE
260,77,25,Rahul,Iyer,Rehabilitation Consultant,MBBS  MS Ortho,,,7013882532,rahul.iyer260@arthomove-demo.com,800,,,ACTIVE
261,77,25,Pooja,Iyer,Pediatric Orthopedist,MBBS  DNB Ortho,,,8713771886,pooja.iyer261@arthomove-demo.com,600,,,ACTIVE
262,77,25,Suresh,Mishra,Spine Specialist,MBBS  DNB Ortho,,,8837936315,suresh.mishra262@arthomove-demo.com,400,,,ACTIVE
263,78,25,Anjali,Thomas,Physiotherapist,MBBS  Diploma Orthopedics,,,9563163129,anjali.thomas263@arthomove-demo.com,1500,,,ACTIVE
264,78,25,Pooja,Menon,Orthopedic Surgeon,MPT Neuro Rehab,,,8968590964,pooja.menon264@arthomove-demo.com,750,,,ACTIVE
265,79,26,Ravi,Chopra,Knee Specialist,BPT  MPT Orthopedics,,,7591765047,ravi.chopra265@arthomove-demo.com,800,,,ACTIVE
266,79,26,Meera,Singh,Pain Management Specialist,BPT  MPT Orthopedics,,,9946896331,meera.singh266@arthomove-demo.com,800,,,ACTIVE
267,79,26,Pooja,Verma,Knee Specialist,MBBS  Diploma Orthopedics,,,7420767514,pooja.verma267@arthomove-demo.com,1500,,,ACTIVE
268,79,26,Pooja,Das,Pediatric Orthopedist,MBBS  DNB Ortho,,,9914233029,pooja.das268@arthomove-demo.com,1000,,,ACTIVE
269,79,26,Ritika,Rao,Sports Rehab Specialist,BPT  MPT Sports,,,8816759238,ritika.rao269@arthomove-demo.com,1200,,,ACTIVE
270,80,26,Priya,Das,Spine Specialist,PhD Physiotherapy,,,7440778110,priya.das270@arthomove-demo.com,400,,,ACTIVE
271,80,26,Priya,Iyer,Spine Specialist,MBBS  MS Ortho,,,8794719903,priya.iyer271@arthomove-demo.com,1200,,,ACTIVE
272,81,26,Karthik,Joshi,Sports Rehab Specialist,MPT Neuro Rehab,,,7832353068,karthik.joshi272@arthomove-demo.com,400,,,INACTIVE
273,81,26,Kavya,Singh,Rehabilitation Consultant,MBBS  Fellowship Spine,,,9927668098,kavya.singh273@arthomove-demo.com,750,,,ACTIVE
274,81,26,Amit,Mehta,Shoulder Specialist,MBBS  Diploma Orthopedics,,,8053926096,amit.mehta274@arthomove-demo.com,800,,,ACTIVE
275,82,26,Swetha,Reddy,Pediatric Orthopedist,MPT Neuro Rehab,,,9148722557,swetha.reddy275@arthomove-demo.com,800,,,ACTIVE
276,82,26,Lakshmi,Iyer,Spine Specialist,PhD Physiotherapy,,,7347040714,lakshmi.iyer276@arthomove-demo.com,1200,,,ACTIVE
277,82,26,Ravi,Nair,Physiotherapist,MBBS  DNB Ortho,,,9252611978,ravi.nair277@arthomove-demo.com,800,,,ACTIVE
278,83,27,Swetha,Mehta,Physiotherapist,MPT Neuro Rehab,,,9140128331,swetha.mehta278@arthomove-demo.com,400,,,ACTIVE
279,83,27,Varun,Verma,Physiotherapist,MBBS  MS Ortho,,,8351289622,varun.verma279@arthomove-demo.com,500,,,ACTIVE
280,83,27,Nisha,Nair,Shoulder Specialist,MPT Neuro Rehab,,,7805376425,nisha.nair280@arthomove-demo.com,1000,,,ACTIVE
281,84,27,Farhan,Kumar,Orthopedic Surgeon,BPT  MPT Sports,,,7920182852,farhan.kumar281@arthomove-demo.com,600,,,ACTIVE
282,84,27,Ritika,Verma,Neuro Physiotherapist,MBBS  Diploma Orthopedics,,,8434354978,ritika.verma282@arthomove-demo.com,600,,,INACTIVE
283,84,27,Isha,Thomas,Physiotherapist,MBBS  DNB Ortho,,,7787355404,isha.thomas283@arthomove-demo.com,800,,,ACTIVE
284,84,27,Vikram,Gupta,Orthopedic Surgeon,MBBS  DNB Ortho,,,8533023641,vikram.gupta284@arthomove-demo.com,1500,,,ACTIVE
285,84,27,Suresh,Chopra,Spine Specialist,MPT Neuro Rehab,,,8163881687,suresh.chopra285@arthomove-demo.com,400,,,ACTIVE
286,85,27,Manoj,Nair,Rehabilitation Consultant,BPT  MPT Sports,,,8272081472,manoj.nair286@arthomove-demo.com,400,,,ACTIVE
287,85,27,Farhan,Pillai,Pediatric Orthopedist,BPT  MPT Orthopedics,,,8673887246,farhan.pillai287@arthomove-demo.com,750,,,ACTIVE
288,85,27,Ritika,Singh,Physiotherapist,BPT  MPT Sports,,,9654662897,ritika.singh288@arthomove-demo.com,1500,,,ACTIVE
289,85,27,Arjun,Joshi,Neuro Physiotherapist,MBBS  DNB Ortho,,,7314564572,arjun.joshi289@arthomove-demo.com,750,,,ACTIVE
290,85,27,Sanjay,Gupta,Orthopedic Surgeon,MBBS  Diploma Orthopedics,,,9992665361,sanjay.gupta290@arthomove-demo.com,400,,,ACTIVE
291,86,27,Priya,Joshi,Rehabilitation Consultant,BPT  MPT Orthopedics,,,7631864176,priya.joshi291@arthomove-demo.com,600,,,ACTIVE
292,86,27,Nisha,Patel,Pediatric Orthopedist,MBBS  DNB Ortho,,,9771555906,nisha.patel292@arthomove-demo.com,400,,,ACTIVE
293,86,27,Rahul,Kumar,Rehabilitation Consultant,BPT  MPT Orthopedics,,,9342437539,rahul.kumar293@arthomove-demo.com,750,,,ACTIVE
294,87,28,Ritika,Jain,Orthopedic Surgeon,PhD Physiotherapy,,,9788528589,ritika.jain294@arthomove-demo.com,750,,,ACTIVE
295,87,28,Lakshmi,Gupta,Pain Management Specialist,MPT Neuro Rehab,,,9160435983,lakshmi.gupta295@arthomove-demo.com,1500,,,ACTIVE
296,87,28,Karthik,Nair,Sports Rehab Specialist,MBBS  Diploma Orthopedics,,,8550617906,karthik.nair296@arthomove-demo.com,400,,,ACTIVE
297,87,28,Varun,Rao,Shoulder Specialist,PhD Physiotherapy,,,7039344907,varun.rao297@arthomove-demo.com,500,,,ACTIVE
298,88,28,Sneha,Singh,Neuro Physiotherapist,MPT Neuro Rehab,,,9606472452,sneha.singh298@arthomove-demo.com,1200,,,ACTIVE
299,88,28,Rahul,Rao,Orthopedic Surgeon,PhD Physiotherapy,,,8599747539,rahul.rao299@arthomove-demo.com,600,,,ACTIVE
300,88,28,Pooja,Patel,Pain Management Specialist,PhD Physiotherapy,,,7717847214,pooja.patel300@arthomove-demo.com,600,,,ACTIVE
301,88,28,Karthik,Khan,Shoulder Specialist,MBBS  Diploma Orthopedics,,,8292676988,karthik.khan301@arthomove-demo.com,400,,,ACTIVE
302,89,28,Suresh,Das,Sports Rehab Specialist,BPT  MPT Sports,,,9760320877,suresh.das302@arthomove-demo.com,1500,,,ACTIVE
303,89,28,Meera,Verma,Pain Management Specialist,MPT Neuro Rehab,,,8702772871,meera.verma303@arthomove-demo.com,750,,,ACTIVE
304,89,28,Manoj,Chopra,Pain Management Specialist,BPT  MPT Orthopedics,,,9325460189,manoj.chopra304@arthomove-demo.com,500,,,ACTIVE
305,89,28,Priya,Reddy,Pediatric Orthopedist,PhD Physiotherapy,,,7298908881,priya.reddy305@arthomove-demo.com,800,,,ACTIVE
306,89,28,Rahul,Thomas,Knee Specialist,BPT  MPT Sports,,,7599469669,rahul.thomas306@arthomove-demo.com,1500,,,ACTIVE
307,90,29,Rohan,Thomas,Pain Management Specialist,BPT  MPT Sports,,,8416371206,rohan.thomas307@arthomove-demo.com,1200,,,INACTIVE
308,90,29,Divya,Mehta,Sports Rehab Specialist,BPT  MPT Orthopedics,,,8014584081,divya.mehta308@arthomove-demo.com,1500,,,ACTIVE
309,90,29,Nisha,Patel,Pediatric Orthopedist,BPT  MPT Sports,,,9508113640,nisha.patel309@arthomove-demo.com,500,,,ACTIVE
310,90,29,Vikram,Khan,Neuro Physiotherapist,MPT Neuro Rehab,,,9770078812,vikram.khan310@arthomove-demo.com,800,,,ACTIVE
311,91,29,Anjali,Chopra,Orthopedic Surgeon,MBBS  DNB Ortho,,,8063516852,anjali.chopra311@arthomove-demo.com,1500,,,INACTIVE
312,91,29,Lakshmi,Pillai,Orthopedic Surgeon,BPT  MPT Sports,,,8997833150,lakshmi.pillai312@arthomove-demo.com,750,,,ACTIVE
313,91,29,Isha,Mishra,Pain Management Specialist,MPT Neuro Rehab,,,7988837434,isha.mishra313@arthomove-demo.com,1500,,,ACTIVE
314,92,29,Kavya,Pillai,Pediatric Orthopedist,PhD Physiotherapy,,,8924343548,kavya.pillai314@arthomove-demo.com,1200,,,ACTIVE
315,92,29,Ravi,Reddy,Physiotherapist,BPT  MPT Orthopedics,,,9333528660,ravi.reddy315@arthomove-demo.com,1000,,,ACTIVE
316,93,29,Suresh,Rao,Pediatric Orthopedist,MPT Neuro Rehab,,,8083469544,suresh.rao316@arthomove-demo.com,1500,,,ACTIVE
317,93,29,Pooja,Patel,Pediatric Orthopedist,BPT  MPT Sports,,,7627456698,pooja.patel317@arthomove-demo.com,1000,,,ACTIVE
318,94,30,Swetha,Reddy,Rehabilitation Consultant,MPT Neuro Rehab,,,9725442253,swetha.reddy318@arthomove-demo.com,600,,,ACTIVE
319,94,30,Isha,Joshi,Rehabilitation Consultant,MBBS  DNB Ortho,,,7503455388,isha.joshi319@arthomove-demo.com,600,,,ACTIVE
320,94,30,Nisha,Patel,Neuro Physiotherapist,MBBS  DNB Ortho,,,8665600762,nisha.patel320@arthomove-demo.com,400,,,ACTIVE
321,95,30,Manoj,Gupta,Rehabilitation Consultant,PhD Physiotherapy,,,8996736720,manoj.gupta321@arthomove-demo.com,400,,,ACTIVE
322,95,30,Ravi,Nair,Spine Specialist,MBBS  Diploma Orthopedics,,,8432058699,ravi.nair322@arthomove-demo.com,1500,,,ACTIVE
323,95,30,Suresh,Singh,Rehabilitation Consultant,MBBS  MS Ortho,,,7945037548,suresh.singh323@arthomove-demo.com,1200,,,ACTIVE
324,95,30,Sanjay,Chopra,Pediatric Orthopedist,MBBS  MS Ortho,,,7337687058,sanjay.chopra324@arthomove-demo.com,800,,,ACTIVE
325,96,30,Varun,Rao,Knee Specialist,MPT Neuro Rehab,,,9598444088,varun.rao325@arthomove-demo.com,1500,,,INACTIVE
326,96,30,Sanjay,Reddy,Physiotherapist,MBBS  MS Ortho,,,9724937979,sanjay.reddy326@arthomove-demo.com,600,,,ACTIVE
327,96,30,Rahul,Reddy,Shoulder Specialist,MBBS  DNB Ortho,,,8849674166,rahul.reddy327@arthomove-demo.com,1000,,,ACTIVE
328,97,31,Divya,Thomas,Knee Specialist,PhD Physiotherapy,,,7394026908,divya.thomas328@arthomove-demo.com,800,,,ACTIVE
329,97,31,Vikram,Sharma,Knee Specialist,BPT  MPT Sports,,,9221689745,vikram.sharma329@arthomove-demo.com,500,,,ACTIVE
330,97,31,Isha,Kumar,Orthopedic Surgeon,PhD Physiotherapy,,,9702751005,isha.kumar330@arthomove-demo.com,750,,,ACTIVE
331,97,31,Neha,Gupta,Spine Specialist,MBBS  MS Ortho,,,8484951657,neha.gupta331@arthomove-demo.com,400,,,ACTIVE
332,98,31,Priya,Singh,Pediatric Orthopedist,PhD Physiotherapy,,,9682119569,priya.singh332@arthomove-demo.com,1500,,,ACTIVE
333,98,31,Varun,Pillai,Neuro Physiotherapist,MBBS  Diploma Orthopedics,,,9925007516,varun.pillai333@arthomove-demo.com,800,,,INACTIVE
334,99,31,Pooja,Pillai,Pain Management Specialist,MBBS  Diploma Orthopedics,,,9441010427,pooja.pillai334@arthomove-demo.com,750,,,INACTIVE
335,99,31,Pooja,Sharma,Pediatric Orthopedist,MBBS  Diploma Orthopedics,,,8006039810,pooja.sharma335@arthomove-demo.com,1000,,,ACTIVE
336,100,32,Sneha,Menon,Physiotherapist,MBBS  Fellowship Spine,,,9234284022,sneha.menon336@arthomove-demo.com,1000,,,ACTIVE
337,100,32,Anjali,Mishra,Rehabilitation Consultant,PhD Physiotherapy,,,8999635768,anjali.mishra337@arthomove-demo.com,800,,,ACTIVE
338,100,32,Sneha,Rao,Rehabilitation Consultant,PhD Physiotherapy,,,7408170284,sneha.rao338@arthomove-demo.com,600,,,ACTIVE
339,100,32,Lakshmi,Mishra,Neuro Physiotherapist,BPT  MPT Sports,,,9321499970,lakshmi.mishra339@arthomove-demo.com,1500,,,ACTIVE
340,101,32,Neha,Reddy,Sports Rehab Specialist,MBBS  Diploma Orthopedics,,,8223956721,neha.reddy340@arthomove-demo.com,400,,,INACTIVE
341,101,32,Divya,Das,Rehabilitation Consultant,PhD Physiotherapy,,,7734188079,divya.das341@arthomove-demo.com,1200,,,ACTIVE
342,101,32,Swetha,Gupta,Pediatric Orthopedist,MBBS  Diploma Orthopedics,,,7954063856,swetha.gupta342@arthomove-demo.com,600,,,ACTIVE
343,101,32,Rahul,Verma,Physiotherapist,MPT Neuro Rehab,,,8842055553,rahul.verma343@arthomove-demo.com,1000,,,ACTIVE
344,101,32,Farhan,Patel,Pain Management Specialist,MPT Neuro Rehab,,,9471124617,farhan.patel344@arthomove-demo.com,400,,,INACTIVE
345,102,32,Divya,Das,Spine Specialist,BPT  MPT Orthopedics,,,8826829508,divya.das345@arthomove-demo.com,1500,,,INACTIVE
346,102,32,Divya,Mehta,Physiotherapist,MBBS  DNB Ortho,,,9638110502,divya.mehta346@arthomove-demo.com,500,,,ACTIVE
347,102,32,Karthik,Joshi,Knee Specialist,MBBS  MS Ortho,,,9142043845,karthik.joshi347@arthomove-demo.com,1000,,,ACTIVE
348,102,32,Sneha,Mehta,Knee Specialist,MPT Neuro Rehab,,,7230085789,sneha.mehta348@arthomove-demo.com,1500,,,ACTIVE
349,103,33,Kavya,Verma,Knee Specialist,PhD Physiotherapy,,,8774054586,kavya.verma349@arthomove-demo.com,600,,,ACTIVE
350,103,33,Amit,Verma,Knee Specialist,MBBS  Fellowship Spine,,,8568939116,amit.verma350@arthomove-demo.com,1200,,,ACTIVE
351,103,33,Farhan,Gupta,Shoulder Specialist,MBBS  Fellowship Spine,,,8963389586,farhan.gupta351@arthomove-demo.com,1000,,,ACTIVE
352,104,33,Rohan,Chopra,Pain Management Specialist,MPT Neuro Rehab,,,9293684268,rohan.chopra352@arthomove-demo.com,1500,,,ACTIVE
353,104,33,Sneha,Rao,Shoulder Specialist,MPT Neuro Rehab,,,7343390627,sneha.rao353@arthomove-demo.com,400,,,ACTIVE
354,104,33,Kavya,Thomas,Neuro Physiotherapist,MBBS  Diploma Orthopedics,,,8658617284,kavya.thomas354@arthomove-demo.com,1500,,,ACTIVE
355,104,33,Rahul,Singh,Physiotherapist,BPT  MPT Sports,,,8430297081,rahul.singh355@arthomove-demo.com,800,,,ACTIVE
356,105,34,Ritika,Thomas,Rehabilitation Consultant,PhD Physiotherapy,,,7472334466,ritika.thomas356@arthomove-demo.com,600,,,ACTIVE
357,105,34,Sanjay,Iyer,Pain Management Specialist,MBBS  Diploma Orthopedics,,,9068628868,sanjay.iyer357@arthomove-demo.com,1200,,,ACTIVE
358,105,34,Karthik,Rao,Spine Specialist,MBBS  Diploma Orthopedics,,,8795428326,karthik.rao358@arthomove-demo.com,500,,,ACTIVE
359,105,34,Ravi,Menon,Physiotherapist,MPT Neuro Rehab,,,7050755084,ravi.menon359@arthomove-demo.com,800,,,INACTIVE
360,106,34,Manoj,Jain,Neuro Physiotherapist,MBBS  MS Ortho,,,7952496017,manoj.jain360@arthomove-demo.com,1500,,,ACTIVE
361,106,34,Sanjay,Joshi,Neuro Physiotherapist,MBBS  MS Ortho,,,7993357024,sanjay.joshi361@arthomove-demo.com,600,,,ACTIVE
362,106,34,Lakshmi,Thomas,Orthopedic Surgeon,MBBS  Fellowship Spine,,,9961069637,lakshmi.thomas362@arthomove-demo.com,1200,,,ACTIVE
363,106,34,Kavya,Singh,Sports Rehab Specialist,MBBS  Diploma Orthopedics,,,9141442460,kavya.singh363@arthomove-demo.com,400,,,ACTIVE
364,106,34,Neha,Thomas,Shoulder Specialist,BPT  MPT Sports,,,9674999020,neha.thomas364@arthomove-demo.com,600,,,ACTIVE
365,107,34,Meera,Singh,Rehabilitation Consultant,BPT  MPT Sports,,,8435110269,meera.singh365@arthomove-demo.com,500,,,ACTIVE
366,107,34,Varun,Joshi,Knee Specialist,MPT Neuro Rehab,,,8547018977,varun.joshi366@arthomove-demo.com,1500,,,ACTIVE
367,108,34,Manoj,Joshi,Shoulder Specialist,BPT  MPT Orthopedics,,,9066881557,manoj.joshi367@arthomove-demo.com,500,,,ACTIVE
368,108,34,Manoj,Menon,Shoulder Specialist,MBBS  Fellowship Spine,,,8694298410,manoj.menon368@arthomove-demo.com,1500,,,ACTIVE
369,108,34,Priya,Iyer,Rehabilitation Consultant,MPT Neuro Rehab,,,7806958621,priya.iyer369@arthomove-demo.com,600,,,ACTIVE
370,108,34,Anjali,Gupta,Neuro Physiotherapist,PhD Physiotherapy,,,8313245275,anjali.gupta370@arthomove-demo.com,1000,,,ACTIVE
371,108,34,Isha,Khan,Knee Specialist,MBBS  DNB Ortho,,,7361657652,isha.khan371@arthomove-demo.com,800,,,ACTIVE
372,109,35,Kavya,Sharma,Pain Management Specialist,MBBS  MS Ortho,,,8615970001,kavya.sharma372@arthomove-demo.com,400,,,ACTIVE
373,109,35,Amit,Menon,Physiotherapist,MBBS  Fellowship Spine,,,8718321305,amit.menon373@arthomove-demo.com,1000,,,ACTIVE
374,109,35,Varun,Thomas,Pediatric Orthopedist,BPT  MPT Sports,,,7851115673,varun.thomas374@arthomove-demo.com,400,,,INACTIVE
375,109,35,Farhan,Pillai,Pain Management Specialist,BPT  MPT Sports,,,8455418925,farhan.pillai375@arthomove-demo.com,500,,,ACTIVE
376,110,35,Divya,Reddy,Pediatric Orthopedist,PhD Physiotherapy,,,8986571689,divya.reddy376@arthomove-demo.com,400,,,ACTIVE
377,110,35,Meera,Rao,Knee Specialist,MBBS  MS Ortho,,,7846017262,meera.rao377@arthomove-demo.com,750,,,ACTIVE
378,110,35,Arjun,Singh,Physiotherapist,PhD Physiotherapy,,,8788457321,arjun.singh378@arthomove-demo.com,400,,,ACTIVE
379,111,36,Vikram,Chopra,Pain Management Specialist,BPT  MPT Sports,,,7250274962,vikram.chopra379@arthomove-demo.com,750,,,ACTIVE
380,111,36,Aditya,Mehta,Spine Specialist,MBBS  Diploma Orthopedics,,,9608853298,aditya.mehta380@arthomove-demo.com,1000,,,ACTIVE
381,112,36,Aditya,Jain,Orthopedic Surgeon,BPT  MPT Sports,,,9585537304,aditya.jain381@arthomove-demo.com,800,,,ACTIVE
382,112,36,Ritika,Verma,Sports Rehab Specialist,MBBS  DNB Ortho,,,8388176762,ritika.verma382@arthomove-demo.com,400,,,INACTIVE
383,113,37,Vikram,Kumar,Sports Rehab Specialist,MBBS  DNB Ortho,,,8708101481,vikram.kumar383@arthomove-demo.com,600,,,ACTIVE
384,113,37,Amit,Menon,Pediatric Orthopedist,BPT  MPT Sports,,,8745861805,amit.menon384@arthomove-demo.com,1000,,,INACTIVE
385,113,37,Rohan,Thomas,Neuro Physiotherapist,MBBS  Fellowship Spine,,,8201104083,rohan.thomas385@arthomove-demo.com,800,,,ACTIVE
386,113,37,Ritika,Khan,Rehabilitation Consultant,PhD Physiotherapy,,,7081001428,ritika.khan386@arthomove-demo.com,600,,,ACTIVE
387,114,37,Varun,Gupta,Pediatric Orthopedist,MBBS  Diploma Orthopedics,,,7729598677,varun.gupta387@arthomove-demo.com,1200,,,ACTIVE
388,114,37,Farhan,Kumar,Rehabilitation Consultant,MPT Neuro Rehab,,,7185088087,farhan.kumar388@arthomove-demo.com,750,,,ACTIVE
389,114,37,Neha,Iyer,Pediatric Orthopedist,MPT Neuro Rehab,,,8736653978,neha.iyer389@arthomove-demo.com,500,,,ACTIVE
390,114,37,Meera,Mehta,Spine Specialist,BPT  MPT Orthopedics,,,8598096282,meera.mehta390@arthomove-demo.com,1000,,,ACTIVE
391,114,37,Vikram,Pillai,Rehabilitation Consultant,MBBS  MS Ortho,,,8609797855,vikram.pillai391@arthomove-demo.com,750,,,ACTIVE
392,115,37,Farhan,Rao,Shoulder Specialist,MBBS  Fellowship Spine,,,7177539872,farhan.rao392@arthomove-demo.com,1200,,,ACTIVE
393,115,37,Manoj,Kumar,Shoulder Specialist,MPT Neuro Rehab,,,7258988108,manoj.kumar393@arthomove-demo.com,400,,,ACTIVE
394,115,37,Amit,Kumar,Neuro Physiotherapist,MBBS  Diploma Orthopedics,,,9762295794,amit.kumar394@arthomove-demo.com,1200,,,ACTIVE
395,115,37,Nisha,Singh,Neuro Physiotherapist,MPT Neuro Rehab,,,8044152644,nisha.singh395@arthomove-demo.com,500,,,ACTIVE
396,116,37,Ravi,Iyer,Rehabilitation Consultant,MBBS  MS Ortho,,,8648023628,ravi.iyer396@arthomove-demo.com,400,,,ACTIVE
397,116,37,Nisha,Das,Rehabilitation Consultant,BPT  MPT Sports,,,8500770990,nisha.das397@arthomove-demo.com,750,,,ACTIVE
398,116,37,Ravi,Kumar,Physiotherapist,PhD Physiotherapy,,,8980433315,ravi.kumar398@arthomove-demo.com,500,,,ACTIVE
399,116,37,Isha,Verma,Neuro Physiotherapist,MBBS  DNB Ortho,,,9490571753,isha.verma399@arthomove-demo.com,800,,,ACTIVE
400,117,38,Lakshmi,Iyer,Orthopedic Surgeon,BPT  MPT Orthopedics,,,9078695760,lakshmi.iyer400@arthomove-demo.com,1500,,,ACTIVE
401,117,38,Aditya,Chopra,Pain Management Specialist,MBBS  Diploma Orthopedics,,,7592530955,aditya.chopra401@arthomove-demo.com,600,,,ACTIVE
402,117,38,Neha,Rao,Knee Specialist,BPT  MPT Sports,,,9553093731,neha.rao402@arthomove-demo.com,500,,,ACTIVE
403,118,38,Arjun,Thomas,Rehabilitation Consultant,MBBS  MS Ortho,,,7255065299,arjun.thomas403@arthomove-demo.com,800,,,ACTIVE
404,118,38,Arjun,Joshi,Pain Management Specialist,MBBS  Diploma Orthopedics,,,7040046454,arjun.joshi404@arthomove-demo.com,400,,,ACTIVE
405,118,38,Sanjay,Reddy,Knee Specialist,MBBS  DNB Ortho,,,9444696458,sanjay.reddy405@arthomove-demo.com,500,,,ACTIVE
406,119,39,Varun,Patel,Physiotherapist,MPT Neuro Rehab,,,8494099857,varun.patel406@arthomove-demo.com,1000,,,ACTIVE
407,119,39,Neha,Nair,Pain Management Specialist,MBBS  DNB Ortho,,,9016959911,neha.nair407@arthomove-demo.com,800,,,ACTIVE
408,119,39,Varun,Joshi,Rehabilitation Consultant,MBBS  Diploma Orthopedics,,,7286728774,varun.joshi408@arthomove-demo.com,800,,,ACTIVE
409,119,39,Ravi,Sharma,Pain Management Specialist,MBBS  DNB Ortho,,,7531195960,ravi.sharma409@arthomove-demo.com,1000,,,ACTIVE
410,120,39,Priya,Nair,Sports Rehab Specialist,MBBS  MS Ortho,,,8208361088,priya.nair410@arthomove-demo.com,1000,,,INACTIVE
411,120,39,Karthik,Mehta,Shoulder Specialist,BPT  MPT Sports,,,7528515501,karthik.mehta411@arthomove-demo.com,750,,,ACTIVE
412,121,39,Sanjay,Sharma,Rehabilitation Consultant,PhD Physiotherapy,,,8631879897,sanjay.sharma412@arthomove-demo.com,1000,,,ACTIVE
413,121,39,Rahul,Verma,Shoulder Specialist,MBBS  Diploma Orthopedics,,,9621098636,rahul.verma413@arthomove-demo.com,500,,,ACTIVE
414,122,39,Pooja,Sharma,Sports Rehab Specialist,MBBS  Diploma Orthopedics,,,7806664059,pooja.sharma414@arthomove-demo.com,500,,,ACTIVE
415,122,39,Pooja,Verma,Sports Rehab Specialist,PhD Physiotherapy,,,9072267940,pooja.verma415@arthomove-demo.com,600,,,ACTIVE
416,122,39,Manoj,Singh,Rehabilitation Consultant,BPT  MPT Sports,,,8371492627,manoj.singh416@arthomove-demo.com,400,,,ACTIVE
417,123,40,Farhan,Menon,Orthopedic Surgeon,MBBS  Diploma Orthopedics,,,7216656910,farhan.menon417@arthomove-demo.com,1500,,,INACTIVE
418,123,40,Suresh,Jain,Physiotherapist,MBBS  DNB Ortho,,,7340250064,suresh.jain418@arthomove-demo.com,500,,,ACTIVE
419,123,40,Kavya,Patel,Knee Specialist,MBBS  Fellowship Spine,,,9395943578,kavya.patel419@arthomove-demo.com,750,,,ACTIVE
420,123,40,Meera,Rao,Physiotherapist,BPT  MPT Sports,,,9438720757,meera.rao420@arthomove-demo.com,1000,,,ACTIVE
421,123,40,Manoj,Reddy,Physiotherapist,MBBS  Fellowship Spine,,,7685902330,manoj.reddy421@arthomove-demo.com,400,,,ACTIVE
422,124,40,Rohan,Das,Orthopedic Surgeon,BPT  MPT Orthopedics,,,9231596378,rohan.das422@arthomove-demo.com,800,,,ACTIVE
423,124,40,Rohan,Mishra,Pediatric Orthopedist,PhD Physiotherapy,,,9860681441,rohan.mishra423@arthomove-demo.com,400,,,ACTIVE
424,125,40,Amit,Menon,Pediatric Orthopedist,BPT  MPT Sports,,,8965628073,amit.menon424@arthomove-demo.com,1000,,,INACTIVE
425,125,40,Karthik,Mehta,Shoulder Specialist,BPT  MPT Sports,,,7937062587,karthik.mehta425@arthomove-demo.com,1500,,,INACTIVE
426,125,40,Vikram,Thomas,Rehabilitation Consultant,BPT  MPT Orthopedics,,,9588444372,vikram.thomas426@arthomove-demo.com,400,,,ACTIVE
427,126,41,Suresh,Pillai,Physiotherapist,BPT  MPT Orthopedics,,,8310017925,suresh.pillai427@arthomove-demo.com,400,,,ACTIVE
428,126,41,Pooja,Iyer,Neuro Physiotherapist,MBBS  Diploma Orthopedics,,,8151332096,pooja.iyer428@arthomove-demo.com,750,,,ACTIVE
429,127,41,Divya,Das,Spine Specialist,MBBS  Fellowship Spine,,,8176228095,divya.das429@arthomove-demo.com,500,,,ACTIVE
430,127,41,Suresh,Reddy,Spine Specialist,MBBS  DNB Ortho,,,9556769597,suresh.reddy430@arthomove-demo.com,500,,,INACTIVE
431,127,41,Isha,Singh,Spine Specialist,BPT  MPT Sports,,,9013184341,isha.singh431@arthomove-demo.com,1500,,,ACTIVE
432,128,41,Varun,Khan,Rehabilitation Consultant,MBBS  Fellowship Spine,,,7287490726,varun.khan432@arthomove-demo.com,1500,,,ACTIVE
433,128,41,Neha,Joshi,Sports Rehab Specialist,PhD Physiotherapy,,,7072486115,neha.joshi433@arthomove-demo.com,750,,,INACTIVE
434,129,41,Manoj,Mehta,Knee Specialist,MBBS  DNB Ortho,,,8535777785,manoj.mehta434@arthomove-demo.com,500,,,ACTIVE
435,129,41,Pooja,Mehta,Neuro Physiotherapist,MBBS  Diploma Orthopedics,,,8748632810,pooja.mehta435@arthomove-demo.com,1000,,,ACTIVE
436,129,41,Ravi,Rao,Shoulder Specialist,MBBS  Diploma Orthopedics,,,8660244569,ravi.rao436@arthomove-demo.com,750,,,ACTIVE
437,130,42,Arjun,Menon,Physiotherapist,MBBS  Diploma Orthopedics,,,7455799900,arjun.menon437@arthomove-demo.com,600,,,ACTIVE
438,130,42,Aditya,Iyer,Pain Management Specialist,BPT  MPT Orthopedics,,,7782803568,aditya.iyer438@arthomove-demo.com,1200,,,ACTIVE
439,130,42,Isha,Chopra,Neuro Physiotherapist,PhD Physiotherapy,,,9631771862,isha.chopra439@arthomove-demo.com,800,,,INACTIVE
440,130,42,Rohan,Rao,Sports Rehab Specialist,MBBS  DNB Ortho,,,9467264401,rohan.rao440@arthomove-demo.com,400,,,ACTIVE
441,131,42,Anjali,Menon,Sports Rehab Specialist,MBBS  MS Ortho,,,9875875098,anjali.menon441@arthomove-demo.com,1500,,,ACTIVE
442,131,42,Manoj,Menon,Pediatric Orthopedist,BPT  MPT Orthopedics,,,7444073197,manoj.menon442@arthomove-demo.com,600,,,ACTIVE
443,131,42,Priya,Iyer,Neuro Physiotherapist,BPT  MPT Sports,,,7035821726,priya.iyer443@arthomove-demo.com,600,,,ACTIVE
444,131,42,Pooja,Das,Neuro Physiotherapist,BPT  MPT Orthopedics,,,7127168109,pooja.das444@arthomove-demo.com,1500,,,ACTIVE
445,131,42,Arjun,Khan,Pain Management Specialist,MBBS  DNB Ortho,,,9326834870,arjun.khan445@arthomove-demo.com,600,,,ACTIVE
446,132,43,Farhan,Iyer,Sports Rehab Specialist,MBBS  MS Ortho,,,7277156853,farhan.iyer446@arthomove-demo.com,1500,,,ACTIVE
447,132,43,Sneha,Joshi,Orthopedic Surgeon,MPT Neuro Rehab,,,9656260080,sneha.joshi447@arthomove-demo.com,600,,,ACTIVE
448,133,43,Karthik,Menon,Pediatric Orthopedist,MBBS  MS Ortho,,,9621541519,karthik.menon448@arthomove-demo.com,1500,,,ACTIVE
449,133,43,Divya,Mishra,Neuro Physiotherapist,MBBS  Fellowship Spine,,,7296149909,divya.mishra449@arthomove-demo.com,1000,,,ACTIVE
450,133,43,Isha,Pillai,Shoulder Specialist,BPT  MPT Orthopedics,,,7279891454,isha.pillai450@arthomove-demo.com,600,,,ACTIVE
451,134,43,Sneha,Pillai,Pain Management Specialist,BPT  MPT Sports,,,8041450563,sneha.pillai451@arthomove-demo.com,800,,,ACTIVE
452,134,43,Rahul,Khan,Rehabilitation Consultant,MBBS  Fellowship Spine,,,7183594123,rahul.khan452@arthomove-demo.com,750,,,ACTIVE
453,134,43,Nisha,Rao,Knee Specialist,BPT  MPT Sports,,,9702521514,nisha.rao453@arthomove-demo.com,600,,,ACTIVE
454,134,43,Lakshmi,Joshi,Pediatric Orthopedist,BPT  MPT Sports,,,8234087056,lakshmi.joshi454@arthomove-demo.com,600,,,ACTIVE
455,135,44,Swetha,Nair,Pediatric Orthopedist,PhD Physiotherapy,,,7762948467,swetha.nair455@arthomove-demo.com,1000,,,ACTIVE
456,135,44,Karthik,Chopra,Physiotherapist,MBBS  Diploma Orthopedics,,,7565086922,karthik.chopra456@arthomove-demo.com,800,,,ACTIVE
457,135,44,Rohan,Thomas,Neuro Physiotherapist,MBBS  MS Ortho,,,9094059647,rohan.thomas457@arthomove-demo.com,1200,,,ACTIVE
458,136,44,Sanjay,Rao,Shoulder Specialist,MPT Neuro Rehab,,,9514277021,sanjay.rao458@arthomove-demo.com,1200,,,ACTIVE
459,136,44,Ritika,Jain,Sports Rehab Specialist,PhD Physiotherapy,,,8295126608,ritika.jain459@arthomove-demo.com,400,,,ACTIVE
460,136,44,Manoj,Reddy,Rehabilitation Consultant,MBBS  Diploma Orthopedics,,,8675351534,manoj.reddy460@arthomove-demo.com,1200,,,ACTIVE
461,137,45,Vikram,Nair,Rehabilitation Consultant,MBBS  Fellowship Spine,,,8307079190,vikram.nair461@arthomove-demo.com,750,,,ACTIVE
462,137,45,Meera,Verma,Pain Management Specialist,PhD Physiotherapy,,,7826565293,meera.verma462@arthomove-demo.com,400,,,INACTIVE
463,137,45,Priya,Pillai,Physiotherapist,PhD Physiotherapy,,,8162469889,priya.pillai463@arthomove-demo.com,1200,,,ACTIVE
464,137,45,Ravi,Menon,Shoulder Specialist,PhD Physiotherapy,,,8367988368,ravi.menon464@arthomove-demo.com,800,,,ACTIVE
465,138,45,Aditya,Chopra,Sports Rehab Specialist,BPT  MPT Sports,,,9791969091,aditya.chopra465@arthomove-demo.com,500,,,INACTIVE
466,138,45,Rahul,Patel,Pediatric Orthopedist,PhD Physiotherapy,,,7535305325,rahul.patel466@arthomove-demo.com,1200,,,ACTIVE
467,138,45,Meera,Sharma,Neuro Physiotherapist,MBBS  MS Ortho,,,8813409514,meera.sharma467@arthomove-demo.com,800,,,ACTIVE
468,138,45,Farhan,Pillai,Rehabilitation Consultant,BPT  MPT Orthopedics,,,7093215294,farhan.pillai468@arthomove-demo.com,1500,,,ACTIVE
469,139,45,Rahul,Reddy,Shoulder Specialist,BPT  MPT Sports,,,7314562530,rahul.reddy469@arthomove-demo.com,1500,,,ACTIVE
470,139,45,Sneha,Singh,Physiotherapist,BPT  MPT Orthopedics,,,7113146442,sneha.singh470@arthomove-demo.com,750,,,ACTIVE
471,139,45,Rahul,Kumar,Neuro Physiotherapist,PhD Physiotherapy,,,9942443793,rahul.kumar471@arthomove-demo.com,800,,,INACTIVE
472,140,46,Manoj,Verma,Orthopedic Surgeon,MBBS  Fellowship Spine,,,9553001731,manoj.verma472@arthomove-demo.com,800,,,ACTIVE
473,140,46,Manoj,Nair,Shoulder Specialist,MPT Neuro Rehab,,,9298567240,manoj.nair473@arthomove-demo.com,600,,,ACTIVE
474,141,46,Farhan,Das,Rehabilitation Consultant,MBBS  MS Ortho,,,9523649411,farhan.das474@arthomove-demo.com,800,,,ACTIVE
475,141,46,Varun,Jain,Neuro Physiotherapist,MBBS  MS Ortho,,,9601767873,varun.jain475@arthomove-demo.com,800,,,ACTIVE
476,142,46,Meera,Verma,Neuro Physiotherapist,PhD Physiotherapy,,,8480632448,meera.verma476@arthomove-demo.com,1000,,,ACTIVE
477,142,46,Anjali,Khan,Pediatric Orthopedist,BPT  MPT Orthopedics,,,9408337836,anjali.khan477@arthomove-demo.com,750,,,ACTIVE
478,142,46,Meera,Thomas,Pediatric Orthopedist,PhD Physiotherapy,,,8765599919,meera.thomas478@arthomove-demo.com,1000,,,ACTIVE
479,143,47,Isha,Reddy,Knee Specialist,BPT  MPT Sports,,,7605433707,isha.reddy479@arthomove-demo.com,500,,,ACTIVE
480,143,47,Divya,Mishra,Knee Specialist,MPT Neuro Rehab,,,8019255317,divya.mishra480@arthomove-demo.com,800,,,ACTIVE
481,143,47,Sanjay,Verma,Knee Specialist,PhD Physiotherapy,,,8142509563,sanjay.verma481@arthomove-demo.com,400,,,ACTIVE
482,143,47,Arjun,Menon,Shoulder Specialist,PhD Physiotherapy,,,9197763858,arjun.menon482@arthomove-demo.com,1000,,,ACTIVE
483,143,47,Priya,Pillai,Orthopedic Surgeon,BPT  MPT Orthopedics,,,8830824130,priya.pillai483@arthomove-demo.com,750,,,INACTIVE
484,144,47,Vikram,Rao,Rehabilitation Consultant,BPT  MPT Sports,,,9811080238,vikram.rao484@arthomove-demo.com,1200,,,ACTIVE
485,144,47,Arjun,Thomas,Sports Rehab Specialist,MPT Neuro Rehab,,,7459582956,arjun.thomas485@arthomove-demo.com,500,,,ACTIVE
486,144,47,Manoj,Patel,Shoulder Specialist,BPT  MPT Orthopedics,,,8506799645,manoj.patel486@arthomove-demo.com,500,,,ACTIVE
487,145,48,Ritika,Reddy,Physiotherapist,BPT  MPT Orthopedics,,,8502092252,ritika.reddy487@arthomove-demo.com,1200,,,ACTIVE
488,145,48,Rohan,Patel,Pediatric Orthopedist,MBBS  MS Ortho,,,8045961974,rohan.patel488@arthomove-demo.com,500,,,ACTIVE
489,146,48,Ritika,Reddy,Sports Rehab Specialist,MBBS  MS Ortho,,,9418286549,ritika.reddy489@arthomove-demo.com,400,,,ACTIVE
490,146,48,Manoj,Iyer,Orthopedic Surgeon,MBBS  DNB Ortho,,,9599002842,manoj.iyer490@arthomove-demo.com,800,,,ACTIVE
491,147,49,Amit,Gupta,Shoulder Specialist,MBBS  MS Ortho,,,7134496895,amit.gupta491@arthomove-demo.com,400,,,ACTIVE
492,147,49,Meera,Reddy,Pediatric Orthopedist,MBBS  Fellowship Spine,,,7972040932,meera.reddy492@arthomove-demo.com,1500,,,INACTIVE
493,147,49,Sanjay,Sharma,Physiotherapist,MBBS  DNB Ortho,,,8440277601,sanjay.sharma493@arthomove-demo.com,400,,,ACTIVE
494,148,49,Priya,Iyer,Knee Specialist,MPT Neuro Rehab,,,8653995211,priya.iyer494@arthomove-demo.com,400,,,ACTIVE
495,148,49,Farhan,Joshi,Shoulder Specialist,MPT Neuro Rehab,,,8867253081,farhan.joshi495@arthomove-demo.com,400,,,INACTIVE
496,148,49,Varun,Pillai,Physiotherapist,MBBS  Fellowship Spine,,,8698710149,varun.pillai496@arthomove-demo.com,400,,,ACTIVE
497,149,49,Kavya,Jain,Physiotherapist,PhD Physiotherapy,,,7117025449,kavya.jain497@arthomove-demo.com,1200,,,ACTIVE
498,149,49,Karthik,Reddy,Sports Rehab Specialist,MBBS  Fellowship Spine,,,7633523175,karthik.reddy498@arthomove-demo.com,800,,,ACTIVE
499,149,49,Vikram,Verma,Knee Specialist,MPT Neuro Rehab,,,7577014111,vikram.verma499@arthomove-demo.com,500,,,ACTIVE
500,149,49,Aditya,Nair,Spine Specialist,MBBS  DNB Ortho,,,8300255395,aditya.nair500@arthomove-demo.com,750,,,ACTIVE
501,150,49,Varun,Kumar,Physiotherapist,MPT Neuro Rehab,,,9036323518,varun.kumar501@arthomove-demo.com,400,,,ACTIVE
502,150,49,Isha,Sharma,Sports Rehab Specialist,MPT Neuro Rehab,,,8666069508,isha.sharma502@arthomove-demo.com,1000,,,ACTIVE
503,150,49,Divya,Thomas,Knee Specialist,BPT  MPT Sports,,,8391727154,divya.thomas503@arthomove-demo.com,1000,,,ACTIVE
504,150,49,Isha,Chopra,Pain Management Specialist,MBBS  MS Ortho,,,9906923951,isha.chopra504@arthomove-demo.com,1200,,,ACTIVE
505,150,49,Pooja,Rao,Pain Management Specialist,BPT  MPT Orthopedics,,,8383489953,pooja.rao505@arthomove-demo.com,750,,,ACTIVE
506,151,50,Priya,Das,Physiotherapist,MBBS  MS Ortho,,,8079631324,priya.das506@arthomove-demo.com,1500,,,INACTIVE
507,151,50,Meera,Pillai,Sports Rehab Specialist,MPT Neuro Rehab,,,9687037557,meera.pillai507@arthomove-demo.com,600,,,ACTIVE
508,151,50,Sanjay,Joshi,Physiotherapist,MBBS  MS Ortho,,,9681652235,sanjay.joshi508@arthomove-demo.com,1500,,,ACTIVE
509,152,50,Sanjay,Gupta,Rehabilitation Consultant,MBBS  MS Ortho,,,9016812075,sanjay.gupta509@arthomove-demo.com,1200,,,ACTIVE
510,152,50,Pooja,Chopra,Pediatric Orthopedist,MPT Neuro Rehab,,,8859392244,pooja.chopra510@arthomove-demo.com,500,,,ACTIVE
511,152,50,Pooja,Jain,Sports Rehab Specialist,MPT Neuro Rehab,,,9056094461,pooja.jain511@arthomove-demo.com,750,,,ACTIVE
512,152,50,Amit,Kumar,Spine Specialist,MBBS  MS Ortho,,,8656605059,amit.kumar512@arthomove-demo.com,1000,,,ACTIVE
513,153,50,Ravi,Reddy,Rehabilitation Consultant,MBBS  Fellowship Spine,,,9144661995,ravi.reddy513@arthomove-demo.com,500,,,ACTIVE
514,153,50,Priya,Sharma,Orthopedic Surgeon,MPT Neuro Rehab,,,8266688545,priya.sharma514@arthomove-demo.com,1200,,,ACTIVE
515,154,51,Ritika,Mehta,Sports Rehab Specialist,MPT Neuro Rehab,,,8691461641,ritika.mehta515@arthomove-demo.com,400,,,ACTIVE
516,154,51,Vikram,Patel,Orthopedic Surgeon,MBBS  Diploma Orthopedics,,,7451990818,vikram.patel516@arthomove-demo.com,1200,,,ACTIVE
517,154,51,Sneha,Jain,Orthopedic Surgeon,MPT Neuro Rehab,,,7473535226,sneha.jain517@arthomove-demo.com,1000,,,ACTIVE
518,154,51,Sanjay,Mishra,Pediatric Orthopedist,MBBS  Diploma Orthopedics,,,8174752949,sanjay.mishra518@arthomove-demo.com,600,,,ACTIVE
519,154,51,Manoj,Iyer,Shoulder Specialist,MBBS  MS Ortho,,,8196787788,manoj.iyer519@arthomove-demo.com,400,,,ACTIVE
520,155,51,Anjali,Nair,Spine Specialist,BPT  MPT Orthopedics,,,8093099986,anjali.nair520@arthomove-demo.com,1000,,,ACTIVE
521,155,51,Swetha,Das,Sports Rehab Specialist,MBBS  MS Ortho,,,8860620981,swetha.das521@arthomove-demo.com,500,,,ACTIVE
522,155,51,Manoj,Singh,Sports Rehab Specialist,MBBS  Fellowship Spine,,,8412264725,manoj.singh522@arthomove-demo.com,1200,,,ACTIVE
523,155,51,Sanjay,Nair,Physiotherapist,MPT Neuro Rehab,,,9640641231,sanjay.nair523@arthomove-demo.com,1500,,,ACTIVE
524,155,51,Ritika,Gupta,Spine Specialist,MBBS  Diploma Orthopedics,,,8988217026,ritika.gupta524@arthomove-demo.com,750,,,ACTIVE
525,156,52,Sneha,Gupta,Rehabilitation Consultant,MBBS  DNB Ortho,,,8057410376,sneha.gupta525@arthomove-demo.com,500,,,ACTIVE
526,156,52,Kavya,Nair,Physiotherapist,MBBS  Fellowship Spine,,,9148241430,kavya.nair526@arthomove-demo.com,750,,,ACTIVE
527,156,52,Amit,Khan,Sports Rehab Specialist,MBBS  Diploma Orthopedics,,,9017066863,amit.khan527@arthomove-demo.com,750,,,ACTIVE
528,157,52,Suresh,Mishra,Physiotherapist,MBBS  Diploma Orthopedics,,,9245277050,suresh.mishra528@arthomove-demo.com,800,,,ACTIVE
529,157,52,Pooja,Nair,Shoulder Specialist,MBBS  Diploma Orthopedics,,,8210902805,pooja.nair529@arthomove-demo.com,1500,,,INACTIVE
530,157,52,Arjun,Rao,Spine Specialist,BPT  MPT Orthopedics,,,9879086865,arjun.rao530@arthomove-demo.com,600,,,ACTIVE
531,157,52,Aditya,Joshi,Neuro Physiotherapist,BPT  MPT Sports,,,9758456271,aditya.joshi531@arthomove-demo.com,750,,,ACTIVE
532,157,52,Farhan,Rao,Sports Rehab Specialist,MBBS  Fellowship Spine,,,7151285136,farhan.rao532@arthomove-demo.com,600,,,ACTIVE
533,158,52,Sanjay,Rao,Pediatric Orthopedist,MBBS  Fellowship Spine,,,7322607347,sanjay.rao533@arthomove-demo.com,400,,,INACTIVE
534,158,52,Pooja,Reddy,Sports Rehab Specialist,BPT  MPT Sports,,,7238728807,pooja.reddy534@arthomove-demo.com,500,,,INACTIVE
535,158,52,Anjali,Iyer,Spine Specialist,MBBS  DNB Ortho,,,7784710738,anjali.iyer535@arthomove-demo.com,1500,,,ACTIVE
536,158,52,Divya,Mehta,Shoulder Specialist,BPT  MPT Orthopedics,,,7875757513,divya.mehta536@arthomove-demo.com,400,,,ACTIVE
537,158,52,Amit,Joshi,Knee Specialist,MBBS  DNB Ortho,,,9566118289,amit.joshi537@arthomove-demo.com,1200,,,ACTIVE
538,159,52,Farhan,Singh,Pediatric Orthopedist,BPT  MPT Sports,,,9220699255,farhan.singh538@arthomove-demo.com,1200,,,ACTIVE
539,159,52,Meera,Mehta,Rehabilitation Consultant,MBBS  MS Ortho,,,9875634491,meera.mehta539@arthomove-demo.com,400,,,ACTIVE
540,159,52,Arjun,Joshi,Neuro Physiotherapist,PhD Physiotherapy,,,7908338265,arjun.joshi540@arthomove-demo.com,500,,,ACTIVE
541,159,52,Amit,Thomas,Sports Rehab Specialist,BPT  MPT Orthopedics,,,7408962870,amit.thomas541@arthomove-demo.com,1200,,,ACTIVE
542,160,53,Priya,Reddy,Shoulder Specialist,MBBS  MS Ortho,,,8864915350,priya.reddy542@arthomove-demo.com,600,,,ACTIVE
543,160,53,Kavya,Menon,Pediatric Orthopedist,PhD Physiotherapy,,,8167917761,kavya.menon543@arthomove-demo.com,600,,,ACTIVE
544,160,53,Aditya,Rao,Physiotherapist,BPT  MPT Sports,,,9233591335,aditya.rao544@arthomove-demo.com,1500,,,ACTIVE
545,160,53,Sanjay,Gupta,Shoulder Specialist,MBBS  Fellowship Spine,,,9872450409,sanjay.gupta545@arthomove-demo.com,1200,,,ACTIVE
546,161,53,Arjun,Jain,Rehabilitation Consultant,MBBS  Fellowship Spine,,,8362970386,arjun.jain546@arthomove-demo.com,600,,,ACTIVE
547,161,53,Meera,Sharma,Sports Rehab Specialist,MBBS  DNB Ortho,,,9299025100,meera.sharma547@arthomove-demo.com,1500,,,INACTIVE
548,161,53,Vikram,Rao,Spine Specialist,BPT  MPT Sports,,,7019801106,vikram.rao548@arthomove-demo.com,1500,,,ACTIVE
549,161,53,Meera,Menon,Physiotherapist,MBBS  MS Ortho,,,9266403075,meera.menon549@arthomove-demo.com,1200,,,ACTIVE
550,162,54,Amit,Menon,Shoulder Specialist,MBBS  DNB Ortho,,,8018233200,amit.menon550@arthomove-demo.com,800,,,ACTIVE
551,162,54,Karthik,Iyer,Rehabilitation Consultant,MPT Neuro Rehab,,,7401791944,karthik.iyer551@arthomove-demo.com,750,,,INACTIVE
552,162,54,Isha,Singh,Pediatric Orthopedist,MBBS  DNB Ortho,,,8084781822,isha.singh552@arthomove-demo.com,500,,,ACTIVE
553,162,54,Kavya,Menon,Shoulder Specialist,PhD Physiotherapy,,,7984855050,kavya.menon553@arthomove-demo.com,400,,,ACTIVE
554,162,54,Priya,Menon,Shoulder Specialist,PhD Physiotherapy,,,7125343646,priya.menon554@arthomove-demo.com,1000,,,ACTIVE
555,163,54,Pooja,Gupta,Spine Specialist,MBBS  DNB Ortho,,,9947914159,pooja.gupta555@arthomove-demo.com,400,,,INACTIVE
556,163,54,Sneha,Mishra,Pain Management Specialist,MBBS  Fellowship Spine,,,7783626849,sneha.mishra556@arthomove-demo.com,800,,,ACTIVE
557,163,54,Farhan,Reddy,Neuro Physiotherapist,MBBS  MS Ortho,,,8751537926,farhan.reddy557@arthomove-demo.com,400,,,ACTIVE
558,163,54,Varun,Sharma,Orthopedic Surgeon,MPT Neuro Rehab,,,7830773667,varun.sharma558@arthomove-demo.com,1200,,,ACTIVE
559,163,54,Rahul,Gupta,Rehabilitation Consultant,MPT Neuro Rehab,,,8431373129,rahul.gupta559@arthomove-demo.com,400,,,ACTIVE
560,164,54,Rohan,Nair,Orthopedic Surgeon,BPT  MPT Orthopedics,,,8863038169,rohan.nair560@arthomove-demo.com,800,,,ACTIVE
561,164,54,Nisha,Mishra,Knee Specialist,BPT  MPT Sports,,,8462929177,nisha.mishra561@arthomove-demo.com,1500,,,ACTIVE
562,165,55,Arjun,Reddy,Neuro Physiotherapist,MBBS  Fellowship Spine,,,8406686799,arjun.reddy562@arthomove-demo.com,1500,,,ACTIVE
563,165,55,Kavya,Khan,Pediatric Orthopedist,BPT  MPT Orthopedics,,,7281212635,kavya.khan563@arthomove-demo.com,400,,,ACTIVE
564,165,55,Isha,Kumar,Spine Specialist,BPT  MPT Sports,,,9783907516,isha.kumar564@arthomove-demo.com,1200,,,ACTIVE
565,166,55,Lakshmi,Verma,Rehabilitation Consultant,MPT Neuro Rehab,,,8747706085,lakshmi.verma565@arthomove-demo.com,1000,,,ACTIVE
566,166,55,Suresh,Gupta,Pain Management Specialist,BPT  MPT Sports,,,9175078312,suresh.gupta566@arthomove-demo.com,1200,,,ACTIVE
567,166,55,Divya,Reddy,Sports Rehab Specialist,MBBS  Fellowship Spine,,,8686222905,divya.reddy567@arthomove-demo.com,1000,,,ACTIVE
568,166,55,Farhan,Verma,Knee Specialist,BPT  MPT Sports,,,7255382743,farhan.verma568@arthomove-demo.com,600,,,ACTIVE
569,166,55,Nisha,Sharma,Pain Management Specialist,BPT  MPT Sports,,,8362317553,nisha.sharma569@arthomove-demo.com,750,,,ACTIVE
570,167,55,Swetha,Jain,Sports Rehab Specialist,MBBS  MS Ortho,,,7605116976,swetha.jain570@arthomove-demo.com,800,,,ACTIVE
571,167,55,Sanjay,Reddy,Neuro Physiotherapist,MBBS  MS Ortho,,,9734135054,sanjay.reddy571@arthomove-demo.com,400,,,ACTIVE
572,167,55,Farhan,Khan,Shoulder Specialist,MBBS  DNB Ortho,,,7120040234,farhan.khan572@arthomove-demo.com,600,,,ACTIVE
573,167,55,Pooja,Jain,Knee Specialist,MBBS  Diploma Orthopedics,,,7658694919,pooja.jain573@arthomove-demo.com,800,,,ACTIVE
574,168,56,Isha,Singh,Pain Management Specialist,BPT  MPT Orthopedics,,,8873207181,isha.singh574@arthomove-demo.com,1500,,,ACTIVE
575,168,56,Nisha,Kumar,Pediatric Orthopedist,MBBS  DNB Ortho,,,8903540642,nisha.kumar575@arthomove-demo.com,1000,,,ACTIVE
576,168,56,Suresh,Menon,Neuro Physiotherapist,MBBS  MS Ortho,,,7717186588,suresh.menon576@arthomove-demo.com,400,,,ACTIVE
577,168,56,Suresh,Iyer,Rehabilitation Consultant,BPT  MPT Sports,,,7069942922,suresh.iyer577@arthomove-demo.com,500,,,ACTIVE
578,168,56,Aditya,Khan,Rehabilitation Consultant,BPT  MPT Orthopedics,,,9893201089,aditya.khan578@arthomove-demo.com,1000,,,INACTIVE
579,169,56,Vikram,Nair,Sports Rehab Specialist,BPT  MPT Sports,,,7333580210,vikram.nair579@arthomove-demo.com,800,,,ACTIVE
580,169,56,Meera,Nair,Physiotherapist,PhD Physiotherapy,,,7397531752,meera.nair580@arthomove-demo.com,1000,,,ACTIVE
581,169,56,Karthik,Nair,Pain Management Specialist,BPT  MPT Orthopedics,,,9002593758,karthik.nair581@arthomove-demo.com,400,,,ACTIVE
582,169,56,Karthik,Rao,Knee Specialist,MPT Neuro Rehab,,,9443053447,karthik.rao582@arthomove-demo.com,750,,,ACTIVE
583,169,56,Manoj,Gupta,Sports Rehab Specialist,PhD Physiotherapy,,,8635542846,manoj.gupta583@arthomove-demo.com,1500,,,ACTIVE
584,170,56,Pooja,Jain,Neuro Physiotherapist,MBBS  Diploma Orthopedics,,,7160834028,pooja.jain584@arthomove-demo.com,750,,,ACTIVE
585,170,56,Ravi,Iyer,Shoulder Specialist,PhD Physiotherapy,,,9626718892,ravi.iyer585@arthomove-demo.com,800,,,ACTIVE
586,170,56,Nisha,Khan,Neuro Physiotherapist,PhD Physiotherapy,,,8533769791,nisha.khan586@arthomove-demo.com,600,,,ACTIVE
587,171,56,Karthik,Nair,Pain Management Specialist,PhD Physiotherapy,,,8165175866,karthik.nair587@arthomove-demo.com,800,,,ACTIVE
588,171,56,Rohan,Reddy,Pediatric Orthopedist,MBBS  MS Ortho,,,9262897572,rohan.reddy588@arthomove-demo.com,1000,,,ACTIVE
589,171,56,Lakshmi,Sharma,Spine Specialist,MBBS  DNB Ortho,,,8338004143,lakshmi.sharma589@arthomove-demo.com,1500,,,INACTIVE
590,172,57,Rohan,Mehta,Knee Specialist,MPT Neuro Rehab,,,9069552110,rohan.mehta590@arthomove-demo.com,500,,,ACTIVE
591,172,57,Karthik,Khan,Pain Management Specialist,MBBS  MS Ortho,,,7211544485,karthik.khan591@arthomove-demo.com,600,,,ACTIVE
592,172,57,Pooja,Iyer,Rehabilitation Consultant,BPT  MPT Sports,,,9273924678,pooja.iyer592@arthomove-demo.com,1500,,,ACTIVE
593,172,57,Ritika,Jain,Pain Management Specialist,PhD Physiotherapy,,,7882324396,ritika.jain593@arthomove-demo.com,600,,,ACTIVE
594,172,57,Swetha,Menon,Physiotherapist,BPT  MPT Sports,,,9783747669,swetha.menon594@arthomove-demo.com,750,,,ACTIVE
595,173,57,Manoj,Sharma,Sports Rehab Specialist,BPT  MPT Orthopedics,,,8866028928,manoj.sharma595@arthomove-demo.com,500,,,ACTIVE
596,173,57,Manoj,Iyer,Rehabilitation Consultant,MBBS  Diploma Orthopedics,,,8534096199,manoj.iyer596@arthomove-demo.com,500,,,ACTIVE
597,173,57,Arjun,Iyer,Pain Management Specialist,MBBS  Diploma Orthopedics,,,9018034206,arjun.iyer597@arthomove-demo.com,800,,,ACTIVE
598,173,57,Anjali,Pillai,Knee Specialist,PhD Physiotherapy,,,9478348814,anjali.pillai598@arthomove-demo.com,750,,,ACTIVE
599,174,57,Ravi,Iyer,Neuro Physiotherapist,MBBS  DNB Ortho,,,8619621323,ravi.iyer599@arthomove-demo.com,1000,,,ACTIVE
600,174,57,Ritika,Das,Physiotherapist,BPT  MPT Orthopedics,,,7883090458,ritika.das600@arthomove-demo.com,500,,,ACTIVE
601,174,57,Manoj,Sharma,Sports Rehab Specialist,MBBS  DNB Ortho,,,7671672702,manoj.sharma601@arthomove-demo.com,1200,,,INACTIVE
602,174,57,Sneha,Pillai,Rehabilitation Consultant,MBBS  Diploma Orthopedics,,,9771304238,sneha.pillai602@arthomove-demo.com,1500,,,ACTIVE
603,175,58,Suresh,Joshi,Spine Specialist,MBBS  Fellowship Spine,,,8204397188,suresh.joshi603@arthomove-demo.com,1500,,,ACTIVE
604,175,58,Pooja,Pillai,Spine Specialist,BPT  MPT Sports,,,9011872139,pooja.pillai604@arthomove-demo.com,400,,,ACTIVE
605,175,58,Rohan,Thomas,Orthopedic Surgeon,BPT  MPT Orthopedics,,,8217921182,rohan.thomas605@arthomove-demo.com,600,,,ACTIVE
606,175,58,Sneha,Kumar,Rehabilitation Consultant,BPT  MPT Orthopedics,,,8600974909,sneha.kumar606@arthomove-demo.com,800,,,ACTIVE
607,175,58,Rahul,Reddy,Spine Specialist,MBBS  Fellowship Spine,,,8308848606,rahul.reddy607@arthomove-demo.com,1500,,,ACTIVE
608,176,58,Rohan,Jain,Orthopedic Surgeon,BPT  MPT Sports,,,8773904554,rohan.jain608@arthomove-demo.com,1000,,,INACTIVE
609,176,58,Nisha,Sharma,Shoulder Specialist,BPT  MPT Sports,,,9346989847,nisha.sharma609@arthomove-demo.com,800,,,ACTIVE
610,177,58,Manoj,Menon,Pain Management Specialist,MBBS  Fellowship Spine,,,9891900002,manoj.menon610@arthomove-demo.com,750,,,ACTIVE
611,177,58,Meera,Thomas,Neuro Physiotherapist,PhD Physiotherapy,,,7684989912,meera.thomas611@arthomove-demo.com,500,,,ACTIVE
612,177,58,Divya,Menon,Physiotherapist,MBBS  MS Ortho,,,8164418054,divya.menon612@arthomove-demo.com,1200,,,INACTIVE
613,178,59,Anjali,Joshi,Neuro Physiotherapist,MBBS  Diploma Orthopedics,,,8491671656,anjali.joshi613@arthomove-demo.com,500,,,ACTIVE
614,178,59,Neha,Joshi,Knee Specialist,MPT Neuro Rehab,,,9851682038,neha.joshi614@arthomove-demo.com,1200,,,ACTIVE
615,178,59,Sneha,Patel,Sports Rehab Specialist,MPT Neuro Rehab,,,9797087701,sneha.patel615@arthomove-demo.com,600,,,ACTIVE
616,178,59,Ravi,Rao,Sports Rehab Specialist,BPT  MPT Orthopedics,,,7116012418,ravi.rao616@arthomove-demo.com,800,,,ACTIVE
617,178,59,Rohan,Sharma,Neuro Physiotherapist,PhD Physiotherapy,,,9109692621,rohan.sharma617@arthomove-demo.com,1200,,,ACTIVE
618,179,59,Vikram,Reddy,Rehabilitation Consultant,MBBS  Fellowship Spine,,,9403242216,vikram.reddy618@arthomove-demo.com,500,,,ACTIVE
619,179,59,Varun,Kumar,Orthopedic Surgeon,MPT Neuro Rehab,,,8031215595,varun.kumar619@arthomove-demo.com,1000,,,ACTIVE
620,180,59,Isha,Gupta,Physiotherapist,PhD Physiotherapy,,,7213124346,isha.gupta620@arthomove-demo.com,750,,,ACTIVE
621,180,59,Suresh,Kumar,Shoulder Specialist,MBBS  Diploma Orthopedics,,,9386861235,suresh.kumar621@arthomove-demo.com,1000,,,ACTIVE
622,180,59,Sanjay,Singh,Shoulder Specialist,MBBS  DNB Ortho,,,9031868659,sanjay.singh622@arthomove-demo.com,1200,,,INACTIVE
623,180,59,Sanjay,Khan,Knee Specialist,MBBS  Fellowship Spine,,,9516621567,sanjay.khan623@arthomove-demo.com,750,,,ACTIVE
624,180,59,Manoj,Jain,Knee Specialist,MBBS  Fellowship Spine,,,9806060506,manoj.jain624@arthomove-demo.com,1500,,,ACTIVE
625,181,59,Nisha,Menon,Rehabilitation Consultant,MBBS  DNB Ortho,,,7173246155,nisha.menon625@arthomove-demo.com,750,,,ACTIVE
626,181,59,Rahul,Chopra,Spine Specialist,MBBS  Fellowship Spine,,,8799659123,rahul.chopra626@arthomove-demo.com,500,,,ACTIVE
627,182,60,Pooja,Thomas,Sports Rehab Specialist,MBBS  Fellowship Spine,,,8827342890,pooja.thomas627@arthomove-demo.com,1200,,,ACTIVE
628,182,60,Suresh,Rao,Pediatric Orthopedist,MPT Neuro Rehab,,,8813004362,suresh.rao628@arthomove-demo.com,1200,,,ACTIVE
629,183,60,Vikram,Jain,Spine Specialist,PhD Physiotherapy,,,8861333305,vikram.jain629@arthomove-demo.com,600,,,ACTIVE
630,183,60,Lakshmi,Gupta,Physiotherapist,MBBS  DNB Ortho,,,9372367908,lakshmi.gupta630@arthomove-demo.com,500,,,ACTIVE
631,184,61,Karthik,Singh,Pain Management Specialist,MBBS  MS Ortho,,,8235986484,karthik.singh631@arthomove-demo.com,1200,,,ACTIVE
632,184,61,Amit,Sharma,Physiotherapist,MPT Neuro Rehab,,,9526323107,amit.sharma632@arthomove-demo.com,1000,,,INACTIVE
633,185,61,Ritika,Gupta,Rehabilitation Consultant,MPT Neuro Rehab,,,7362408319,ritika.gupta633@arthomove-demo.com,500,,,ACTIVE
634,185,61,Rahul,Pillai,Knee Specialist,MBBS  MS Ortho,,,8385375122,rahul.pillai634@arthomove-demo.com,1200,,,ACTIVE
635,185,61,Isha,Pillai,Spine Specialist,MBBS  MS Ortho,,,7082244913,isha.pillai635@arthomove-demo.com,600,,,INACTIVE
636,186,61,Rahul,Nair,Sports Rehab Specialist,BPT  MPT Sports,,,8916101995,rahul.nair636@arthomove-demo.com,500,,,INACTIVE
637,186,61,Priya,Reddy,Physiotherapist,MBBS  MS Ortho,,,9882064562,priya.reddy637@arthomove-demo.com,400,,,ACTIVE
638,186,61,Priya,Iyer,Neuro Physiotherapist,MBBS  Diploma Orthopedics,,,8422832995,priya.iyer638@arthomove-demo.com,800,,,ACTIVE
639,186,61,Isha,Jain,Pain Management Specialist,BPT  MPT Orthopedics,,,7365586171,isha.jain639@arthomove-demo.com,400,,,ACTIVE
640,187,61,Arjun,Reddy,Spine Specialist,MBBS  Fellowship Spine,,,7851562837,arjun.reddy640@arthomove-demo.com,1200,,,ACTIVE
641,187,61,Lakshmi,Iyer,Knee Specialist,MBBS  Diploma Orthopedics,,,7261234945,lakshmi.iyer641@arthomove-demo.com,800,,,ACTIVE
642,187,61,Ravi,Joshi,Orthopedic Surgeon,MBBS  DNB Ortho,,,9749875840,ravi.joshi642@arthomove-demo.com,400,,,ACTIVE
643,188,62,Kavya,Kumar,Pediatric Orthopedist,PhD Physiotherapy,,,7737038774,kavya.kumar643@arthomove-demo.com,750,,,ACTIVE
644,188,62,Sanjay,Joshi,Sports Rehab Specialist,BPT  MPT Orthopedics,,,7480874592,sanjay.joshi644@arthomove-demo.com,800,,,ACTIVE
645,188,62,Kavya,Khan,Knee Specialist,BPT  MPT Orthopedics,,,8675386688,kavya.khan645@arthomove-demo.com,1500,,,ACTIVE
646,188,62,Amit,Khan,Physiotherapist,MBBS  Diploma Orthopedics,,,9691178188,amit.khan646@arthomove-demo.com,1000,,,INACTIVE
647,188,62,Amit,Menon,Knee Specialist,BPT  MPT Orthopedics,,,7249914107,amit.menon647@arthomove-demo.com,400,,,ACTIVE
648,189,62,Manoj,Iyer,Pediatric Orthopedist,PhD Physiotherapy,,,9307557861,manoj.iyer648@arthomove-demo.com,1500,,,ACTIVE
649,189,62,Amit,Reddy,Physiotherapist,MPT Neuro Rehab,,,9881756109,amit.reddy649@arthomove-demo.com,800,,,ACTIVE
650,189,62,Arjun,Joshi,Physiotherapist,MBBS  DNB Ortho,,,8394469266,arjun.joshi650@arthomove-demo.com,800,,,ACTIVE
651,189,62,Kavya,Pillai,Orthopedic Surgeon,MBBS  Fellowship Spine,,,9528897378,kavya.pillai651@arthomove-demo.com,600,,,ACTIVE
652,190,62,Meera,Khan,Pediatric Orthopedist,MBBS  DNB Ortho,,,7090533019,meera.khan652@arthomove-demo.com,1500,,,INACTIVE
653,190,62,Karthik,Sharma,Orthopedic Surgeon,MBBS  DNB Ortho,,,7865437011,karthik.sharma653@arthomove-demo.com,1500,,,INACTIVE
654,190,62,Manoj,Iyer,Sports Rehab Specialist,MBBS  DNB Ortho,,,8316808068,manoj.iyer654@arthomove-demo.com,400,,,ACTIVE
655,191,62,Ritika,Patel,Physiotherapist,BPT  MPT Orthopedics,,,8049357814,ritika.patel655@arthomove-demo.com,1500,,,ACTIVE
656,191,62,Ravi,Gupta,Spine Specialist,BPT  MPT Orthopedics,,,7375573785,ravi.gupta656@arthomove-demo.com,800,,,ACTIVE
657,192,63,Priya,Kumar,Physiotherapist,MBBS  Diploma Orthopedics,,,8106097849,priya.kumar657@arthomove-demo.com,400,,,ACTIVE
658,192,63,Suresh,Joshi,Sports Rehab Specialist,BPT  MPT Sports,,,7358623422,suresh.joshi658@arthomove-demo.com,600,,,ACTIVE
659,192,63,Amit,Iyer,Neuro Physiotherapist,MBBS  Diploma Orthopedics,,,9612476859,amit.iyer659@arthomove-demo.com,1200,,,ACTIVE
660,193,63,Aditya,Mishra,Shoulder Specialist,MBBS  MS Ortho,,,9806676462,aditya.mishra660@arthomove-demo.com,800,,,ACTIVE
661,193,63,Rohan,Gupta,Pain Management Specialist,BPT  MPT Sports,,,9161693133,rohan.gupta661@arthomove-demo.com,400,,,ACTIVE
662,194,64,Amit,Menon,Knee Specialist,MBBS  MS Ortho,,,8804463580,amit.menon662@arthomove-demo.com,500,,,ACTIVE
663,194,64,Karthik,Gupta,Physiotherapist,BPT  MPT Sports,,,8797049988,karthik.gupta663@arthomove-demo.com,500,,,ACTIVE
664,194,64,Ritika,Nair,Orthopedic Surgeon,MPT Neuro Rehab,,,7539543284,ritika.nair664@arthomove-demo.com,1200,,,ACTIVE
665,194,64,Swetha,Pillai,Sports Rehab Specialist,MBBS  Diploma Orthopedics,,,7162801680,swetha.pillai665@arthomove-demo.com,800,,,ACTIVE
666,195,64,Neha,Singh,Knee Specialist,MBBS  MS Ortho,,,9166118570,neha.singh666@arthomove-demo.com,1500,,,ACTIVE
667,195,64,Anjali,Pillai,Sports Rehab Specialist,MPT Neuro Rehab,,,7786655719,anjali.pillai667@arthomove-demo.com,400,,,ACTIVE
668,195,64,Priya,Reddy,Pain Management Specialist,PhD Physiotherapy,,,8575310026,priya.reddy668@arthomove-demo.com,1200,,,ACTIVE
669,196,65,Suresh,Rao,Shoulder Specialist,PhD Physiotherapy,,,8115275073,suresh.rao669@arthomove-demo.com,600,,,ACTIVE
670,196,65,Vikram,Nair,Orthopedic Surgeon,MBBS  Diploma Orthopedics,,,8322362819,vikram.nair670@arthomove-demo.com,800,,,ACTIVE
671,196,65,Meera,Nair,Physiotherapist,MBBS  DNB Ortho,,,7215197096,meera.nair671@arthomove-demo.com,600,,,ACTIVE
672,196,65,Manoj,Iyer,Shoulder Specialist,BPT  MPT Orthopedics,,,8812598339,manoj.iyer672@arthomove-demo.com,600,,,INACTIVE
673,197,65,Ritika,Thomas,Orthopedic Surgeon,PhD Physiotherapy,,,7226567992,ritika.thomas673@arthomove-demo.com,400,,,ACTIVE
674,197,65,Ritika,Nair,Orthopedic Surgeon,MBBS  Fellowship Spine,,,8660902885,ritika.nair674@arthomove-demo.com,1200,,,ACTIVE
675,198,65,Isha,Verma,Physiotherapist,MBBS  MS Ortho,,,7452887646,isha.verma675@arthomove-demo.com,800,,,ACTIVE
676,198,65,Rahul,Menon,Pain Management Specialist,MPT Neuro Rehab,,,9171003570,rahul.menon676@arthomove-demo.com,750,,,ACTIVE
677,198,65,Rohan,Khan,Spine Specialist,PhD Physiotherapy,,,8421152192,rohan.khan677@arthomove-demo.com,500,,,INACTIVE
678,199,65,Lakshmi,Patel,Neuro Physiotherapist,MBBS  DNB Ortho,,,7148629783,lakshmi.patel678@arthomove-demo.com,800,,,ACTIVE
679,199,65,Sanjay,Mishra,Rehabilitation Consultant,MBBS  Fellowship Spine,,,9189034774,sanjay.mishra679@arthomove-demo.com,1000,,,ACTIVE
680,199,65,Farhan,Jain,Shoulder Specialist,MBBS  Diploma Orthopedics,,,7357822394,farhan.jain680@arthomove-demo.com,400,,,ACTIVE
681,200,66,Varun,Chopra,Shoulder Specialist,MPT Neuro Rehab,,,7745529003,varun.chopra681@arthomove-demo.com,500,,,ACTIVE
682,200,66,Varun,Iyer,Shoulder Specialist,BPT  MPT Orthopedics,,,9040276177,varun.iyer682@arthomove-demo.com,750,,,ACTIVE
683,201,66,Divya,Thomas,Pain Management Specialist,BPT  MPT Orthopedics,,,7224696318,divya.thomas683@arthomove-demo.com,1200,,,ACTIVE
684,201,66,Sanjay,Patel,Neuro Physiotherapist,MBBS  Diploma Orthopedics,,,7392526555,sanjay.patel684@arthomove-demo.com,500,,,ACTIVE
685,201,66,Meera,Sharma,Orthopedic Surgeon,MBBS  MS Ortho,,,8470487042,meera.sharma685@arthomove-demo.com,1200,,,ACTIVE
686,201,66,Kavya,Iyer,Neuro Physiotherapist,MPT Neuro Rehab,,,8245035783,kavya.iyer686@arthomove-demo.com,500,,,ACTIVE
687,202,66,Arjun,Kumar,Orthopedic Surgeon,MBBS  MS Ortho,,,7470428485,arjun.kumar687@arthomove-demo.com,800,,,ACTIVE
688,202,66,Isha,Khan,Shoulder Specialist,PhD Physiotherapy,,,8031681573,isha.khan688@arthomove-demo.com,800,,,ACTIVE
689,203,67,Ravi,Mishra,Neuro Physiotherapist,MBBS  Diploma Orthopedics,,,8322156343,ravi.mishra689@arthomove-demo.com,750,,,ACTIVE
690,203,67,Rohan,Das,Neuro Physiotherapist,BPT  MPT Orthopedics,,,9897293190,rohan.das690@arthomove-demo.com,500,,,ACTIVE
691,204,67,Suresh,Rao,Neuro Physiotherapist,MPT Neuro Rehab,,,8749079232,suresh.rao691@arthomove-demo.com,500,,,ACTIVE
692,204,67,Swetha,Thomas,Neuro Physiotherapist,BPT  MPT Orthopedics,,,8950692519,swetha.thomas692@arthomove-demo.com,800,,,ACTIVE
693,204,67,Farhan,Mehta,Knee Specialist,MBBS  MS Ortho,,,9278136248,farhan.mehta693@arthomove-demo.com,1000,,,ACTIVE
694,205,67,Vikram,Gupta,Pediatric Orthopedist,MBBS  MS Ortho,,,7441275798,vikram.gupta694@arthomove-demo.com,1200,,,ACTIVE
695,205,67,Rahul,Joshi,Rehabilitation Consultant,MBBS  Fellowship Spine,,,9419628419,rahul.joshi695@arthomove-demo.com,1200,,,ACTIVE
696,205,67,Neha,Das,Neuro Physiotherapist,MBBS  Diploma Orthopedics,,,9352627382,neha.das696@arthomove-demo.com,400,,,INACTIVE
697,205,67,Rohan,Sharma,Knee Specialist,MBBS  MS Ortho,,,7323673654,rohan.sharma697@arthomove-demo.com,750,,,INACTIVE
698,206,68,Suresh,Jain,Spine Specialist,PhD Physiotherapy,,,8923266242,suresh.jain698@arthomove-demo.com,1000,,,ACTIVE
699,206,68,Manoj,Kumar,Knee Specialist,MPT Neuro Rehab,,,7406887727,manoj.kumar699@arthomove-demo.com,1500,,,ACTIVE
700,206,68,Nisha,Thomas,Sports Rehab Specialist,BPT  MPT Orthopedics,,,8752059354,nisha.thomas700@arthomove-demo.com,1500,,,ACTIVE
701,206,68,Sneha,Iyer,Rehabilitation Consultant,MBBS  MS Ortho,,,8704915610,sneha.iyer701@arthomove-demo.com,500,,,INACTIVE
702,207,68,Pooja,Verma,Shoulder Specialist,MBBS  DNB Ortho,,,9292476807,pooja.verma702@arthomove-demo.com,1200,,,ACTIVE
703,207,68,Sneha,Verma,Neuro Physiotherapist,MBBS  Diploma Orthopedics,,,8742789437,sneha.verma703@arthomove-demo.com,750,,,ACTIVE
704,207,68,Isha,Mehta,Pediatric Orthopedist,MBBS  MS Ortho,,,8783588454,isha.mehta704@arthomove-demo.com,750,,,ACTIVE
705,207,68,Amit,Thomas,Shoulder Specialist,MBBS  MS Ortho,,,8324540536,amit.thomas705@arthomove-demo.com,800,,,ACTIVE
706,208,68,Sneha,Mishra,Neuro Physiotherapist,MBBS  MS Ortho,,,9841476238,sneha.mishra706@arthomove-demo.com,500,,,ACTIVE
707,208,68,Aditya,Jain,Spine Specialist,BPT  MPT Orthopedics,,,7193517087,aditya.jain707@arthomove-demo.com,750,,,ACTIVE
708,208,68,Ravi,Mishra,Pain Management Specialist,MBBS  Diploma Orthopedics,,,8272447539,ravi.mishra708@arthomove-demo.com,1000,,,ACTIVE
709,208,68,Rohan,Jain,Neuro Physiotherapist,MBBS  Diploma Orthopedics,,,7343357843,rohan.jain709@arthomove-demo.com,800,,,ACTIVE
710,208,68,Priya,Rao,Rehabilitation Consultant,MBBS  MS Ortho,,,7613637506,priya.rao710@arthomove-demo.com,400,,,ACTIVE
711,209,69,Farhan,Patel,Pediatric Orthopedist,MBBS  DNB Ortho,,,8202075200,farhan.patel711@arthomove-demo.com,1000,,,ACTIVE
712,209,69,Karthik,Gupta,Shoulder Specialist,MPT Neuro Rehab,,,7169806813,karthik.gupta712@arthomove-demo.com,800,,,ACTIVE
713,209,69,Sanjay,Joshi,Knee Specialist,MPT Neuro Rehab,,,9814848946,sanjay.joshi713@arthomove-demo.com,400,,,ACTIVE
714,210,69,Ritika,Kumar,Pain Management Specialist,MBBS  Diploma Orthopedics,,,9706337874,ritika.kumar714@arthomove-demo.com,500,,,ACTIVE
715,210,69,Karthik,Reddy,Shoulder Specialist,MBBS  Fellowship Spine,,,9012717209,karthik.reddy715@arthomove-demo.com,1200,,,ACTIVE
716,210,69,Ritika,Thomas,Spine Specialist,PhD Physiotherapy,,,8313311270,ritika.thomas716@arthomove-demo.com,1000,,,INACTIVE
717,210,69,Arjun,Menon,Rehabilitation Consultant,PhD Physiotherapy,,,7631059507,arjun.menon717@arthomove-demo.com,500,,,ACTIVE
718,210,69,Rahul,Sharma,Pediatric Orthopedist,MBBS  Fellowship Spine,,,8989216850,rahul.sharma718@arthomove-demo.com,500,,,ACTIVE
719,211,70,Priya,Mehta,Orthopedic Surgeon,MBBS  DNB Ortho,,,8835348584,priya.mehta719@arthomove-demo.com,400,,,INACTIVE
720,211,70,Nisha,Gupta,Shoulder Specialist,MBBS  MS Ortho,,,8956917207,nisha.gupta720@arthomove-demo.com,750,,,ACTIVE
721,211,70,Varun,Mehta,Neuro Physiotherapist,MBBS  DNB Ortho,,,7739831125,varun.mehta721@arthomove-demo.com,1200,,,ACTIVE
722,212,70,Rahul,Pillai,Shoulder Specialist,BPT  MPT Sports,,,8958607250,rahul.pillai722@arthomove-demo.com,600,,,INACTIVE
723,212,70,Amit,Jain,Pediatric Orthopedist,MBBS  Fellowship Spine,,,8759419045,amit.jain723@arthomove-demo.com,500,,,ACTIVE
724,212,70,Rahul,Patel,Neuro Physiotherapist,BPT  MPT Sports,,,9900618020,rahul.patel724@arthomove-demo.com,800,,,ACTIVE
725,213,71,Manoj,Mehta,Physiotherapist,BPT  MPT Sports,,,8807422120,manoj.mehta725@arthomove-demo.com,800,,,ACTIVE
726,213,71,Sanjay,Jain,Shoulder Specialist,MBBS  DNB Ortho,,,7759824813,sanjay.jain726@arthomove-demo.com,1500,,,ACTIVE
727,213,71,Divya,Singh,Spine Specialist,MBBS  Fellowship Spine,,,7903826512,divya.singh727@arthomove-demo.com,500,,,ACTIVE
728,213,71,Divya,Iyer,Sports Rehab Specialist,MPT Neuro Rehab,,,7766731552,divya.iyer728@arthomove-demo.com,1200,,,ACTIVE
729,213,71,Karthik,Menon,Shoulder Specialist,MBBS  DNB Ortho,,,9700525136,karthik.menon729@arthomove-demo.com,600,,,ACTIVE
730,214,71,Neha,Rao,Knee Specialist,MPT Neuro Rehab,,,8561396047,neha.rao730@arthomove-demo.com,500,,,ACTIVE
731,214,71,Sneha,Joshi,Orthopedic Surgeon,MBBS  Diploma Orthopedics,,,8140046408,sneha.joshi731@arthomove-demo.com,600,,,ACTIVE
732,214,71,Meera,Gupta,Rehabilitation Consultant,BPT  MPT Orthopedics,,,9798427690,meera.gupta732@arthomove-demo.com,500,,,INACTIVE
733,214,71,Priya,Singh,Spine Specialist,BPT  MPT Orthopedics,,,8296905452,priya.singh733@arthomove-demo.com,1200,,,ACTIVE
734,215,71,Divya,Chopra,Shoulder Specialist,MBBS  MS Ortho,,,7246740094,divya.chopra734@arthomove-demo.com,800,,,ACTIVE
735,215,71,Suresh,Mehta,Shoulder Specialist,MBBS  Diploma Orthopedics,,,8035979780,suresh.mehta735@arthomove-demo.com,500,,,ACTIVE
736,216,72,Amit,Singh,Pediatric Orthopedist,MBBS  Diploma Orthopedics,,,7822359634,amit.singh736@arthomove-demo.com,750,,,ACTIVE
737,216,72,Amit,Singh,Pediatric Orthopedist,BPT  MPT Sports,,,7159038240,amit.singh737@arthomove-demo.com,750,,,ACTIVE
738,216,72,Karthik,Kumar,Rehabilitation Consultant,MBBS  MS Ortho,,,7644566309,karthik.kumar738@arthomove-demo.com,750,,,ACTIVE
739,217,72,Manoj,Verma,Physiotherapist,MBBS  MS Ortho,,,8339092137,manoj.verma739@arthomove-demo.com,800,,,ACTIVE
740,217,72,Meera,Nair,Neuro Physiotherapist,BPT  MPT Orthopedics,,,7169474341,meera.nair740@arthomove-demo.com,800,,,ACTIVE
741,217,72,Sneha,Singh,Rehabilitation Consultant,BPT  MPT Orthopedics,,,9609960793,sneha.singh741@arthomove-demo.com,800,,,ACTIVE
742,217,72,Amit,Mehta,Orthopedic Surgeon,MPT Neuro Rehab,,,9081653598,amit.mehta742@arthomove-demo.com,1500,,,ACTIVE
743,218,72,Kavya,Patel,Physiotherapist,PhD Physiotherapy,,,8699300547,kavya.patel743@arthomove-demo.com,600,,,INACTIVE
744,218,72,Rohan,Patel,Pediatric Orthopedist,MBBS  Fellowship Spine,,,7777938640,rohan.patel744@arthomove-demo.com,1500,,,ACTIVE
745,218,72,Ravi,Kumar,Sports Rehab Specialist,MBBS  MS Ortho,,,8153543187,ravi.kumar745@arthomove-demo.com,1200,,,ACTIVE
746,218,72,Varun,Das,Orthopedic Surgeon,MBBS  Fellowship Spine,,,9443389025,varun.das746@arthomove-demo.com,1200,,,ACTIVE
747,218,72,Sanjay,Thomas,Shoulder Specialist,MBBS  MS Ortho,,,8142386145,sanjay.thomas747@arthomove-demo.com,500,,,ACTIVE
748,219,73,Rohan,Joshi,Pain Management Specialist,PhD Physiotherapy,,,8761920297,rohan.joshi748@arthomove-demo.com,1200,,,ACTIVE
749,219,73,Ritika,Singh,Rehabilitation Consultant,BPT  MPT Sports,,,9516008044,ritika.singh749@arthomove-demo.com,1200,,,ACTIVE
750,219,73,Arjun,Rao,Neuro Physiotherapist,BPT  MPT Orthopedics,,,7551458850,arjun.rao750@arthomove-demo.com,600,,,ACTIVE
751,220,73,Amit,Verma,Knee Specialist,PhD Physiotherapy,,,7834786264,amit.verma751@arthomove-demo.com,1200,,,ACTIVE
752,220,73,Amit,Khan,Pain Management Specialist,BPT  MPT Orthopedics,,,7659811579,amit.khan752@arthomove-demo.com,600,,,ACTIVE
753,220,73,Ravi,Patel,Orthopedic Surgeon,MBBS  DNB Ortho,,,8096129926,ravi.patel753@arthomove-demo.com,1200,,,ACTIVE
754,221,73,Ravi,Rao,Neuro Physiotherapist,MBBS  Fellowship Spine,,,8074952249,ravi.rao754@arthomove-demo.com,800,,,ACTIVE
755,221,73,Neha,Khan,Pain Management Specialist,MBBS  DNB Ortho,,,7852286198,neha.khan755@arthomove-demo.com,800,,,INACTIVE
756,221,73,Nisha,Pillai,Shoulder Specialist,MBBS  MS Ortho,,,8418500603,nisha.pillai756@arthomove-demo.com,400,,,ACTIVE
757,222,74,Karthik,Mehta,Spine Specialist,MPT Neuro Rehab,,,7537094206,karthik.mehta757@arthomove-demo.com,1000,,,INACTIVE
758,222,74,Sneha,Chopra,Rehabilitation Consultant,MBBS  Diploma Orthopedics,,,9558281461,sneha.chopra758@arthomove-demo.com,800,,,INACTIVE
759,222,74,Sneha,Sharma,Shoulder Specialist,MBBS  MS Ortho,,,8090508345,sneha.sharma759@arthomove-demo.com,400,,,ACTIVE
760,222,74,Swetha,Joshi,Rehabilitation Consultant,MPT Neuro Rehab,,,7260297480,swetha.joshi760@arthomove-demo.com,400,,,ACTIVE
761,223,74,Amit,Khan,Neuro Physiotherapist,MPT Neuro Rehab,,,7664016259,amit.khan761@arthomove-demo.com,1500,,,ACTIVE
762,223,74,Karthik,Menon,Physiotherapist,BPT  MPT Orthopedics,,,9891427425,karthik.menon762@arthomove-demo.com,600,,,ACTIVE
763,223,74,Sanjay,Nair,Knee Specialist,BPT  MPT Sports,,,7266980327,sanjay.nair763@arthomove-demo.com,750,,,INACTIVE
764,223,74,Isha,Verma,Orthopedic Surgeon,PhD Physiotherapy,,,9878018716,isha.verma764@arthomove-demo.com,1200,,,ACTIVE
765,223,74,Amit,Kumar,Pain Management Specialist,BPT  MPT Sports,,,9279065457,amit.kumar765@arthomove-demo.com,750,,,INACTIVE
766,224,74,Aditya,Verma,Orthopedic Surgeon,MPT Neuro Rehab,,,9043024193,aditya.verma766@arthomove-demo.com,1200,,,ACTIVE
767,224,74,Ritika,Patel,Shoulder Specialist,BPT  MPT Sports,,,7357415181,ritika.patel767@arthomove-demo.com,800,,,ACTIVE
768,225,74,Ravi,Kumar,Shoulder Specialist,BPT  MPT Orthopedics,,,9625255803,ravi.kumar768@arthomove-demo.com,400,,,ACTIVE
769,225,74,Meera,Patel,Knee Specialist,MBBS  Diploma Orthopedics,,,8710578703,meera.patel769@arthomove-demo.com,500,,,ACTIVE
770,225,74,Swetha,Iyer,Physiotherapist,PhD Physiotherapy,,,7710036660,swetha.iyer770@arthomove-demo.com,800,,,ACTIVE
771,225,74,Varun,Patel,Pediatric Orthopedist,MBBS  DNB Ortho,,,9755676134,varun.patel771@arthomove-demo.com,400,,,ACTIVE
772,226,75,Arjun,Kumar,Orthopedic Surgeon,MPT Neuro Rehab,,,7306571287,arjun.kumar772@arthomove-demo.com,1000,,,ACTIVE
773,226,75,Rahul,Verma,Spine Specialist,BPT  MPT Orthopedics,,,8351090933,rahul.verma773@arthomove-demo.com,750,,,ACTIVE
774,226,75,Rohan,Kumar,Spine Specialist,MBBS  DNB Ortho,,,7726076124,rohan.kumar774@arthomove-demo.com,400,,,ACTIVE
775,226,75,Karthik,Mishra,Orthopedic Surgeon,MBBS  MS Ortho,,,7439420748,karthik.mishra775@arthomove-demo.com,600,,,ACTIVE
776,227,75,Varun,Thomas,Rehabilitation Consultant,MBBS  MS Ortho,,,8009670833,varun.thomas776@arthomove-demo.com,400,,,ACTIVE
777,227,75,Aditya,Mehta,Rehabilitation Consultant,MBBS  MS Ortho,,,7350037660,aditya.mehta777@arthomove-demo.com,750,,,ACTIVE
778,227,75,Kavya,Pillai,Spine Specialist,MBBS  Diploma Orthopedics,,,9022509135,kavya.pillai778@arthomove-demo.com,1200,,,ACTIVE
779,228,76,Anjali,Chopra,Pediatric Orthopedist,BPT  MPT Orthopedics,,,7032615187,anjali.chopra779@arthomove-demo.com,400,,,ACTIVE
780,228,76,Anjali,Reddy,Pain Management Specialist,MBBS  MS Ortho,,,8389892284,anjali.reddy780@arthomove-demo.com,1200,,,ACTIVE
781,228,76,Priya,Sharma,Knee Specialist,BPT  MPT Orthopedics,,,8696702589,priya.sharma781@arthomove-demo.com,1500,,,ACTIVE
782,228,76,Sneha,Iyer,Pediatric Orthopedist,MBBS  MS Ortho,,,9573515496,sneha.iyer782@arthomove-demo.com,1200,,,ACTIVE
783,228,76,Pooja,Thomas,Physiotherapist,BPT  MPT Sports,,,8806187001,pooja.thomas783@arthomove-demo.com,1000,,,ACTIVE
784,229,76,Lakshmi,Gupta,Orthopedic Surgeon,MBBS  Diploma Orthopedics,,,8310025904,lakshmi.gupta784@arthomove-demo.com,400,,,ACTIVE
785,229,76,Swetha,Sharma,Pain Management Specialist,MBBS  DNB Ortho,,,8797273139,swetha.sharma785@arthomove-demo.com,600,,,ACTIVE
786,229,76,Isha,Mishra,Neuro Physiotherapist,MBBS  MS Ortho,,,8973246057,isha.mishra786@arthomove-demo.com,1200,,,ACTIVE
787,229,76,Nisha,Mehta,Spine Specialist,MBBS  DNB Ortho,,,8622792817,nisha.mehta787@arthomove-demo.com,800,,,ACTIVE
788,230,76,Ravi,Mehta,Pain Management Specialist,MBBS  DNB Ortho,,,8874491502,ravi.mehta788@arthomove-demo.com,800,,,ACTIVE
789,230,76,Sneha,Sharma,Rehabilitation Consultant,PhD Physiotherapy,,,7110412588,sneha.sharma789@arthomove-demo.com,400,,,ACTIVE
790,230,76,Farhan,Rao,Rehabilitation Consultant,MPT Neuro Rehab,,,8876824584,farhan.rao790@arthomove-demo.com,600,,,ACTIVE
791,230,76,Rohan,Nair,Knee Specialist,MBBS  Fellowship Spine,,,8548452405,rohan.nair791@arthomove-demo.com,750,,,ACTIVE
792,230,76,Rahul,Thomas,Orthopedic Surgeon,BPT  MPT Orthopedics,,,9291353941,rahul.thomas792@arthomove-demo.com,800,,,ACTIVE
793,231,76,Rahul,Gupta,Rehabilitation Consultant,BPT  MPT Sports,,,9320360960,rahul.gupta793@arthomove-demo.com,500,,,ACTIVE
794,231,76,Aditya,Iyer,Sports Rehab Specialist,BPT  MPT Orthopedics,,,8249148596,aditya.iyer794@arthomove-demo.com,600,,,ACTIVE
795,232,77,Neha,Thomas,Physiotherapist,MBBS  DNB Ortho,,,8487820795,neha.thomas795@arthomove-demo.com,1500,,,ACTIVE
796,232,77,Rohan,Patel,Neuro Physiotherapist,PhD Physiotherapy,,,7637406859,rohan.patel796@arthomove-demo.com,1200,,,ACTIVE
797,232,77,Ritika,Pillai,Neuro Physiotherapist,MBBS  Fellowship Spine,,,8421719168,ritika.pillai797@arthomove-demo.com,1000,,,ACTIVE
798,232,77,Swetha,Reddy,Orthopedic Surgeon,MBBS  Diploma Orthopedics,,,9727406470,swetha.reddy798@arthomove-demo.com,600,,,ACTIVE
799,233,77,Neha,Singh,Spine Specialist,PhD Physiotherapy,,,7500094365,neha.singh799@arthomove-demo.com,600,,,INACTIVE
800,233,77,Meera,Menon,Pain Management Specialist,MBBS  DNB Ortho,,,7577364140,meera.menon800@arthomove-demo.com,1200,,,ACTIVE
801,233,77,Neha,Reddy,Neuro Physiotherapist,PhD Physiotherapy,,,7506715663,neha.reddy801@arthomove-demo.com,400,,,ACTIVE
802,233,77,Farhan,Mehta,Physiotherapist,MPT Neuro Rehab,,,8394534523,farhan.mehta802@arthomove-demo.com,1000,,,ACTIVE
803,233,77,Meera,Patel,Sports Rehab Specialist,MBBS  Diploma Orthopedics,,,9513326901,meera.patel803@arthomove-demo.com,1500,,,ACTIVE
804,234,78,Amit,Nair,Pediatric Orthopedist,MBBS  MS Ortho,,,8034135907,amit.nair804@arthomove-demo.com,600,,,ACTIVE
805,234,78,Priya,Menon,Knee Specialist,PhD Physiotherapy,,,9159282249,priya.menon805@arthomove-demo.com,1200,,,INACTIVE
806,234,78,Divya,Thomas,Shoulder Specialist,BPT  MPT Orthopedics,,,9112949040,divya.thomas806@arthomove-demo.com,1200,,,ACTIVE
807,235,78,Sneha,Rao,Pediatric Orthopedist,MBBS  Fellowship Spine,,,9722428234,sneha.rao807@arthomove-demo.com,600,,,ACTIVE
808,235,78,Ravi,Kumar,Physiotherapist,PhD Physiotherapy,,,9282332018,ravi.kumar808@arthomove-demo.com,1000,,,ACTIVE
809,235,78,Anjali,Verma,Knee Specialist,BPT  MPT Orthopedics,,,8316956285,anjali.verma809@arthomove-demo.com,600,,,ACTIVE
810,235,78,Rohan,Reddy,Shoulder Specialist,BPT  MPT Orthopedics,,,9903365453,rohan.reddy810@arthomove-demo.com,1000,,,ACTIVE
811,235,78,Kavya,Menon,Pediatric Orthopedist,MPT Neuro Rehab,,,8709564629,kavya.menon811@arthomove-demo.com,600,,,ACTIVE
812,236,79,Isha,Menon,Physiotherapist,PhD Physiotherapy,,,9515529742,isha.menon812@arthomove-demo.com,750,,,ACTIVE
813,236,79,Vikram,Menon,Pain Management Specialist,PhD Physiotherapy,,,9240138598,vikram.menon813@arthomove-demo.com,1000,,,ACTIVE
814,236,79,Suresh,Mishra,Spine Specialist,MBBS  MS Ortho,,,9447251212,suresh.mishra814@arthomove-demo.com,1000,,,ACTIVE
815,236,79,Neha,Joshi,Pediatric Orthopedist,MBBS  DNB Ortho,,,8205506728,neha.joshi815@arthomove-demo.com,1200,,,ACTIVE
816,237,79,Sneha,Gupta,Orthopedic Surgeon,MBBS  Fellowship Spine,,,8533517496,sneha.gupta816@arthomove-demo.com,1200,,,ACTIVE
817,237,79,Ravi,Patel,Orthopedic Surgeon,PhD Physiotherapy,,,7481869559,ravi.patel817@arthomove-demo.com,800,,,ACTIVE
818,238,80,Pooja,Joshi,Knee Specialist,BPT  MPT Sports,,,7573499850,pooja.joshi818@arthomove-demo.com,400,,,ACTIVE
819,238,80,Meera,Joshi,Pediatric Orthopedist,BPT  MPT Orthopedics,,,8900915422,meera.joshi819@arthomove-demo.com,600,,,ACTIVE
820,239,80,Vikram,Gupta,Knee Specialist,MBBS  Diploma Orthopedics,,,9690887757,vikram.gupta820@arthomove-demo.com,400,,,ACTIVE
821,239,80,Manoj,Gupta,Knee Specialist,MBBS  Fellowship Spine,,,9167710866,manoj.gupta821@arthomove-demo.com,600,,,ACTIVE
822,239,80,Farhan,Joshi,Orthopedic Surgeon,BPT  MPT Sports,,,8762599672,farhan.joshi822@arthomove-demo.com,1200,,,ACTIVE
823,239,80,Rohan,Verma,Shoulder Specialist,BPT  MPT Sports,,,9563710897,rohan.verma823@arthomove-demo.com,600,,,ACTIVE
824,240,80,Nisha,Mishra,Physiotherapist,PhD Physiotherapy,,,7498710829,nisha.mishra824@arthomove-demo.com,1200,,,ACTIVE
825,240,80,Neha,Reddy,Shoulder Specialist,MBBS  Diploma Orthopedics,,,7172785398,neha.reddy825@arthomove-demo.com,1000,,,ACTIVE
826,240,80,Pooja,Mehta,Physiotherapist,PhD Physiotherapy,,,8012740129,pooja.mehta826@arthomove-demo.com,1000,,,ACTIVE
827,240,80,Varun,Thomas,Neuro Physiotherapist,PhD Physiotherapy,,,8894832864,varun.thomas827@arthomove-demo.com,750,,,ACTIVE
828,241,80,Ritika,Singh,Pediatric Orthopedist,MBBS  DNB Ortho,,,9603562380,ritika.singh828@arthomove-demo.com,1000,,,ACTIVE
829,241,80,Meera,Verma,Physiotherapist,MBBS  MS Ortho,,,9962476659,meera.verma829@arthomove-demo.com,500,,,INACTIVE
830,242,81,Ritika,Thomas,Rehabilitation Consultant,BPT  MPT Orthopedics,,,8425943735,ritika.thomas830@arthomove-demo.com,600,,,ACTIVE
831,242,81,Neha,Das,Sports Rehab Specialist,MBBS  Fellowship Spine,,,9674130450,neha.das831@arthomove-demo.com,1500,,,ACTIVE
832,242,81,Pooja,Verma,Sports Rehab Specialist,MBBS  MS Ortho,,,9508146358,pooja.verma832@arthomove-demo.com,1500,,,ACTIVE
833,242,81,Ritika,Menon,Rehabilitation Consultant,MBBS  MS Ortho,,,7180386503,ritika.menon833@arthomove-demo.com,400,,,INACTIVE
834,242,81,Ravi,Jain,Shoulder Specialist,BPT  MPT Orthopedics,,,7133205737,ravi.jain834@arthomove-demo.com,1000,,,ACTIVE
835,243,81,Sneha,Thomas,Neuro Physiotherapist,MBBS  DNB Ortho,,,7455740449,sneha.thomas835@arthomove-demo.com,500,,,ACTIVE
836,243,81,Meera,Thomas,Orthopedic Surgeon,MBBS  Fellowship Spine,,,9245171949,meera.thomas836@arthomove-demo.com,800,,,ACTIVE
837,244,81,Anjali,Iyer,Neuro Physiotherapist,MBBS  MS Ortho,,,7883221974,anjali.iyer837@arthomove-demo.com,800,,,ACTIVE
838,244,81,Vikram,Reddy,Rehabilitation Consultant,MBBS  MS Ortho,,,9329506081,vikram.reddy838@arthomove-demo.com,1500,,,ACTIVE
839,245,81,Amit,Khan,Sports Rehab Specialist,MBBS  Fellowship Spine,,,7751982870,amit.khan839@arthomove-demo.com,600,,,ACTIVE
840,245,81,Varun,Thomas,Physiotherapist,MPT Neuro Rehab,,,8534245912,varun.thomas840@arthomove-demo.com,750,,,ACTIVE
841,246,82,Vikram,Joshi,Neuro Physiotherapist,MBBS  DNB Ortho,,,9897644331,vikram.joshi841@arthomove-demo.com,1200,,,ACTIVE
842,246,82,Rahul,Verma,Shoulder Specialist,MBBS  Fellowship Spine,,,9047994126,rahul.verma842@arthomove-demo.com,1500,,,INACTIVE
843,246,82,Farhan,Thomas,Shoulder Specialist,BPT  MPT Sports,,,9510102113,farhan.thomas843@arthomove-demo.com,800,,,ACTIVE
844,246,82,Farhan,Gupta,Shoulder Specialist,PhD Physiotherapy,,,8879963238,farhan.gupta844@arthomove-demo.com,1000,,,ACTIVE
845,247,82,Neha,Kumar,Sports Rehab Specialist,PhD Physiotherapy,,,7666064064,neha.kumar845@arthomove-demo.com,600,,,ACTIVE
846,247,82,Aditya,Thomas,Pediatric Orthopedist,MBBS  Fellowship Spine,,,7386861183,aditya.thomas846@arthomove-demo.com,400,,,ACTIVE
847,247,82,Karthik,Reddy,Pediatric Orthopedist,MBBS  MS Ortho,,,8384887610,karthik.reddy847@arthomove-demo.com,750,,,ACTIVE
848,247,82,Arjun,Kumar,Shoulder Specialist,MBBS  Fellowship Spine,,,9689055077,arjun.kumar848@arthomove-demo.com,500,,,ACTIVE
849,248,83,Farhan,Mehta,Orthopedic Surgeon,MBBS  Fellowship Spine,,,8709741417,farhan.mehta849@arthomove-demo.com,800,,,ACTIVE
850,248,83,Nisha,Verma,Rehabilitation Consultant,MBBS  Diploma Orthopedics,,,9443976210,nisha.verma850@arthomove-demo.com,1000,,,ACTIVE
851,248,83,Nisha,Menon,Pain Management Specialist,MBBS  MS Ortho,,,7961171396,nisha.menon851@arthomove-demo.com,1500,,,ACTIVE
852,248,83,Nisha,Menon,Sports Rehab Specialist,MPT Neuro Rehab,,,7536144380,nisha.menon852@arthomove-demo.com,400,,,ACTIVE
853,248,83,Divya,Joshi,Pediatric Orthopedist,PhD Physiotherapy,,,9277834046,divya.joshi853@arthomove-demo.com,1000,,,INACTIVE
854,249,83,Anjali,Iyer,Rehabilitation Consultant,MBBS  Fellowship Spine,,,8841708701,anjali.iyer854@arthomove-demo.com,750,,,ACTIVE
855,249,83,Isha,Mehta,Neuro Physiotherapist,MBBS  MS Ortho,,,7808163602,isha.mehta855@arthomove-demo.com,1200,,,ACTIVE
856,249,83,Meera,Khan,Neuro Physiotherapist,PhD Physiotherapy,,,9652844540,meera.khan856@arthomove-demo.com,1000,,,ACTIVE
857,249,83,Manoj,Jain,Orthopedic Surgeon,MBBS  Fellowship Spine,,,8401143205,manoj.jain857@arthomove-demo.com,600,,,INACTIVE
858,249,83,Nisha,Mishra,Shoulder Specialist,MBBS  DNB Ortho,,,9675542283,nisha.mishra858@arthomove-demo.com,600,,,ACTIVE
859,250,83,Lakshmi,Kumar,Orthopedic Surgeon,MBBS  MS Ortho,,,8515895523,lakshmi.kumar859@arthomove-demo.com,600,,,ACTIVE
860,250,83,Swetha,Rao,Neuro Physiotherapist,BPT  MPT Sports,,,8660380901,swetha.rao860@arthomove-demo.com,600,,,ACTIVE
861,250,83,Anjali,Das,Rehabilitation Consultant,MBBS  Fellowship Spine,,,9176390296,anjali.das861@arthomove-demo.com,1500,,,ACTIVE
862,250,83,Kavya,Kumar,Physiotherapist,BPT  MPT Orthopedics,,,8806459963,kavya.kumar862@arthomove-demo.com,800,,,ACTIVE
863,250,83,Pooja,Mehta,Physiotherapist,BPT  MPT Sports,,,8434592021,pooja.mehta863@arthomove-demo.com,1000,,,ACTIVE
864,251,83,Ritika,Kumar,Pain Management Specialist,MBBS  DNB Ortho,,,8187987859,ritika.kumar864@arthomove-demo.com,400,,,ACTIVE
865,251,83,Ritika,Iyer,Pain Management Specialist,MBBS  Fellowship Spine,,,9401048807,ritika.iyer865@arthomove-demo.com,750,,,ACTIVE
866,252,84,Sanjay,Iyer,Spine Specialist,MBBS  Fellowship Spine,,,7843661135,sanjay.iyer866@arthomove-demo.com,500,,,INACTIVE
867,252,84,Manoj,Verma,Physiotherapist,MBBS  Diploma Orthopedics,,,7757898687,manoj.verma867@arthomove-demo.com,400,,,ACTIVE
868,252,84,Suresh,Jain,Orthopedic Surgeon,MBBS  Fellowship Spine,,,7746222254,suresh.jain868@arthomove-demo.com,1500,,,ACTIVE
869,252,84,Priya,Reddy,Pediatric Orthopedist,MPT Neuro Rehab,,,7281605960,priya.reddy869@arthomove-demo.com,1000,,,ACTIVE
870,253,84,Lakshmi,Khan,Spine Specialist,MBBS  Fellowship Spine,,,7734856758,lakshmi.khan870@arthomove-demo.com,750,,,ACTIVE
871,253,84,Isha,Mishra,Spine Specialist,PhD Physiotherapy,,,8589913546,isha.mishra871@arthomove-demo.com,1200,,,INACTIVE
872,254,84,Kavya,Pillai,Rehabilitation Consultant,MBBS  DNB Ortho,,,9118588533,kavya.pillai872@arthomove-demo.com,500,,,ACTIVE
873,254,84,Meera,Nair,Sports Rehab Specialist,MBBS  MS Ortho,,,9127499391,meera.nair873@arthomove-demo.com,400,,,ACTIVE
874,254,84,Ritika,Singh,Pediatric Orthopedist,MBBS  Diploma Orthopedics,,,9170015919,ritika.singh874@arthomove-demo.com,500,,,ACTIVE
875,254,84,Aditya,Thomas,Spine Specialist,MBBS  MS Ortho,,,8253786307,aditya.thomas875@arthomove-demo.com,600,,,ACTIVE
876,254,84,Lakshmi,Menon,Physiotherapist,BPT  MPT Orthopedics,,,9897803323,lakshmi.menon876@arthomove-demo.com,1200,,,INACTIVE
877,255,84,Pooja,Rao,Rehabilitation Consultant,BPT  MPT Sports,,,7493167550,pooja.rao877@arthomove-demo.com,500,,,INACTIVE
878,255,84,Lakshmi,Reddy,Orthopedic Surgeon,MPT Neuro Rehab,,,7112596679,lakshmi.reddy878@arthomove-demo.com,1500,,,ACTIVE
879,255,84,Rahul,Pillai,Knee Specialist,PhD Physiotherapy,,,8181366206,rahul.pillai879@arthomove-demo.com,400,,,ACTIVE
880,255,84,Nisha,Das,Shoulder Specialist,MBBS  MS Ortho,,,9513222665,nisha.das880@arthomove-demo.com,1000,,,ACTIVE
881,256,85,Rohan,Sharma,Spine Specialist,MBBS  Diploma Orthopedics,,,9278157584,rohan.sharma881@arthomove-demo.com,1200,,,ACTIVE
882,256,85,Ritika,Verma,Shoulder Specialist,MBBS  Diploma Orthopedics,,,8249298961,ritika.verma882@arthomove-demo.com,1000,,,ACTIVE
883,256,85,Swetha,Joshi,Pediatric Orthopedist,MBBS  Diploma Orthopedics,,,8638956089,swetha.joshi883@arthomove-demo.com,750,,,INACTIVE
884,257,85,Suresh,Sharma,Knee Specialist,MBBS  DNB Ortho,,,8306738750,suresh.sharma884@arthomove-demo.com,1200,,,ACTIVE
885,257,85,Sanjay,Khan,Shoulder Specialist,BPT  MPT Sports,,,7480810262,sanjay.khan885@arthomove-demo.com,750,,,INACTIVE
886,257,85,Rahul,Pillai,Rehabilitation Consultant,BPT  MPT Sports,,,8524882652,rahul.pillai886@arthomove-demo.com,800,,,ACTIVE
887,257,85,Sanjay,Reddy,Pain Management Specialist,MBBS  MS Ortho,,,9958185012,sanjay.reddy887@arthomove-demo.com,1500,,,ACTIVE
888,257,85,Rahul,Rao,Pain Management Specialist,MBBS  MS Ortho,,,9102697428,rahul.rao888@arthomove-demo.com,600,,,ACTIVE
889,258,85,Lakshmi,Verma,Pain Management Specialist,BPT  MPT Sports,,,8720439345,lakshmi.verma889@arthomove-demo.com,600,,,ACTIVE
890,258,85,Aditya,Mehta,Physiotherapist,MPT Neuro Rehab,,,9787139503,aditya.mehta890@arthomove-demo.com,800,,,ACTIVE
891,258,85,Divya,Mehta,Pediatric Orthopedist,MBBS  MS Ortho,,,7299315230,divya.mehta891@arthomove-demo.com,750,,,ACTIVE
892,258,85,Rohan,Nair,Shoulder Specialist,MPT Neuro Rehab,,,8128094930,rohan.nair892@arthomove-demo.com,1000,,,INACTIVE
893,259,85,Divya,Sharma,Rehabilitation Consultant,PhD Physiotherapy,,,8860678449,divya.sharma893@arthomove-demo.com,750,,,INACTIVE
894,259,85,Lakshmi,Verma,Neuro Physiotherapist,BPT  MPT Sports,,,8021970206,lakshmi.verma894@arthomove-demo.com,800,,,ACTIVE
895,259,85,Ravi,Kumar,Orthopedic Surgeon,BPT  MPT Sports,,,8746544806,ravi.kumar895@arthomove-demo.com,600,,,ACTIVE
896,260,86,Aditya,Das,Shoulder Specialist,BPT  MPT Sports,,,7106908840,aditya.das896@arthomove-demo.com,1200,,,ACTIVE
897,260,86,Farhan,Thomas,Pain Management Specialist,PhD Physiotherapy,,,7507958532,farhan.thomas897@arthomove-demo.com,800,,,ACTIVE
898,260,86,Isha,Verma,Spine Specialist,BPT  MPT Sports,,,9341170272,isha.verma898@arthomove-demo.com,500,,,ACTIVE
899,260,86,Pooja,Thomas,Knee Specialist,MBBS  MS Ortho,,,8236923822,pooja.thomas899@arthomove-demo.com,400,,,ACTIVE
900,261,86,Sanjay,Khan,Shoulder Specialist,PhD Physiotherapy,,,8583649289,sanjay.khan900@arthomove-demo.com,600,,,ACTIVE
901,261,86,Divya,Nair,Pain Management Specialist,MPT Neuro Rehab,,,8413237153,divya.nair901@arthomove-demo.com,400,,,ACTIVE
902,262,87,Nisha,Mishra,Shoulder Specialist,BPT  MPT Sports,,,7081184650,nisha.mishra902@arthomove-demo.com,800,,,ACTIVE
903,262,87,Kavya,Singh,Knee Specialist,MBBS  Fellowship Spine,,,9348630188,kavya.singh903@arthomove-demo.com,750,,,ACTIVE
904,263,87,Ravi,Singh,Sports Rehab Specialist,BPT  MPT Orthopedics,,,9113277342,ravi.singh904@arthomove-demo.com,750,,,ACTIVE
905,263,87,Rahul,Chopra,Spine Specialist,MBBS  Diploma Orthopedics,,,8418146950,rahul.chopra905@arthomove-demo.com,1000,,,ACTIVE
906,263,87,Suresh,Reddy,Pain Management Specialist,MBBS  MS Ortho,,,7003153912,suresh.reddy906@arthomove-demo.com,750,,,ACTIVE
907,263,87,Manoj,Patel,Spine Specialist,MBBS  Fellowship Spine,,,8271224639,manoj.patel907@arthomove-demo.com,600,,,ACTIVE
908,264,87,Anjali,Gupta,Neuro Physiotherapist,BPT  MPT Sports,,,8586959467,anjali.gupta908@arthomove-demo.com,1500,,,ACTIVE
909,264,87,Ravi,Menon,Spine Specialist,MPT Neuro Rehab,,,8860615048,ravi.menon909@arthomove-demo.com,500,,,ACTIVE
910,265,88,Divya,Jain,Sports Rehab Specialist,MPT Neuro Rehab,,,9595197539,divya.jain910@arthomove-demo.com,1200,,,ACTIVE
911,265,88,Rahul,Iyer,Pain Management Specialist,PhD Physiotherapy,,,8446902466,rahul.iyer911@arthomove-demo.com,750,,,ACTIVE
912,266,88,Divya,Mishra,Pain Management Specialist,MBBS  Fellowship Spine,,,9277913450,divya.mishra912@arthomove-demo.com,1500,,,ACTIVE
913,266,88,Anjali,Nair,Pediatric Orthopedist,MPT Neuro Rehab,,,8559042168,anjali.nair913@arthomove-demo.com,400,,,ACTIVE
914,266,88,Ravi,Thomas,Spine Specialist,BPT  MPT Sports,,,8208979188,ravi.thomas914@arthomove-demo.com,1000,,,ACTIVE
915,267,88,Suresh,Mishra,Neuro Physiotherapist,MBBS  DNB Ortho,,,8768020347,suresh.mishra915@arthomove-demo.com,400,,,ACTIVE
916,267,88,Vikram,Iyer,Spine Specialist,BPT  MPT Orthopedics,,,7774284285,vikram.iyer916@arthomove-demo.com,750,,,ACTIVE
917,267,88,Manoj,Gupta,Spine Specialist,BPT  MPT Sports,,,9769113188,manoj.gupta917@arthomove-demo.com,750,,,ACTIVE
918,268,89,Isha,Sharma,Sports Rehab Specialist,BPT  MPT Sports,,,9067048038,isha.sharma918@arthomove-demo.com,1500,,,ACTIVE
919,268,89,Aditya,Iyer,Rehabilitation Consultant,PhD Physiotherapy,,,7147959938,aditya.iyer919@arthomove-demo.com,1000,,,INACTIVE
920,268,89,Sneha,Joshi,Physiotherapist,BPT  MPT Sports,,,7105215627,sneha.joshi920@arthomove-demo.com,500,,,ACTIVE
921,268,89,Sneha,Gupta,Pain Management Specialist,MBBS  MS Ortho,,,9926476965,sneha.gupta921@arthomove-demo.com,600,,,ACTIVE
922,268,89,Isha,Rao,Shoulder Specialist,BPT  MPT Orthopedics,,,7464446274,isha.rao922@arthomove-demo.com,500,,,ACTIVE
923,269,89,Aditya,Patel,Knee Specialist,BPT  MPT Orthopedics,,,8563352526,aditya.patel923@arthomove-demo.com,1000,,,ACTIVE
924,269,89,Vikram,Das,Knee Specialist,MBBS  Fellowship Spine,,,9139475943,vikram.das924@arthomove-demo.com,1000,,,INACTIVE
925,270,90,Suresh,Mehta,Rehabilitation Consultant,MBBS  MS Ortho,,,8380024126,suresh.mehta925@arthomove-demo.com,600,,,ACTIVE
926,270,90,Priya,Mehta,Neuro Physiotherapist,PhD Physiotherapy,,,7585309226,priya.mehta926@arthomove-demo.com,1500,,,ACTIVE
927,270,90,Ravi,Das,Pain Management Specialist,BPT  MPT Orthopedics,,,7072923657,ravi.das927@arthomove-demo.com,750,,,ACTIVE
928,271,90,Swetha,Reddy,Shoulder Specialist,MPT Neuro Rehab,,,7158228258,swetha.reddy928@arthomove-demo.com,400,,,ACTIVE
929,271,90,Amit,Chopra,Shoulder Specialist,MBBS  Diploma Orthopedics,,,8251338639,amit.chopra929@arthomove-demo.com,750,,,ACTIVE
930,272,90,Isha,Mehta,Spine Specialist,MPT Neuro Rehab,,,8746402305,isha.mehta930@arthomove-demo.com,800,,,ACTIVE
931,272,90,Ritika,Chopra,Orthopedic Surgeon,MBBS  Fellowship Spine,,,7709867951,ritika.chopra931@arthomove-demo.com,1200,,,ACTIVE
932,272,90,Suresh,Verma,Physiotherapist,MBBS  Diploma Orthopedics,,,8049396411,suresh.verma932@arthomove-demo.com,400,,,ACTIVE
933,273,90,Suresh,Jain,Physiotherapist,PhD Physiotherapy,,,8176137988,suresh.jain933@arthomove-demo.com,750,,,ACTIVE
934,273,90,Nisha,Rao,Spine Specialist,MBBS  MS Ortho,,,8228981085,nisha.rao934@arthomove-demo.com,1000,,,ACTIVE
935,274,91,Arjun,Nair,Neuro Physiotherapist,MBBS  DNB Ortho,,,8664441061,arjun.nair935@arthomove-demo.com,800,,,ACTIVE
936,274,91,Kavya,Reddy,Physiotherapist,MBBS  DNB Ortho,,,7038767384,kavya.reddy936@arthomove-demo.com,600,,,ACTIVE
937,274,91,Arjun,Gupta,Physiotherapist,MBBS  Diploma Orthopedics,,,8423972801,arjun.gupta937@arthomove-demo.com,1500,,,INACTIVE
938,274,91,Divya,Nair,Rehabilitation Consultant,MBBS  Fellowship Spine,,,7115870791,divya.nair938@arthomove-demo.com,800,,,ACTIVE
939,275,91,Ravi,Singh,Rehabilitation Consultant,MBBS  DNB Ortho,,,9402294830,ravi.singh939@arthomove-demo.com,1200,,,INACTIVE
940,275,91,Lakshmi,Chopra,Pain Management Specialist,MBBS  DNB Ortho,,,7061943485,lakshmi.chopra940@arthomove-demo.com,600,,,ACTIVE
941,276,91,Meera,Sharma,Orthopedic Surgeon,MBBS  Fellowship Spine,,,7735353244,meera.sharma941@arthomove-demo.com,1000,,,INACTIVE
942,276,91,Amit,Mishra,Sports Rehab Specialist,BPT  MPT Sports,,,7880677224,amit.mishra942@arthomove-demo.com,800,,,ACTIVE
943,276,91,Ritika,Verma,Pediatric Orthopedist,PhD Physiotherapy,,,7022427931,ritika.verma943@arthomove-demo.com,400,,,ACTIVE
944,276,91,Swetha,Pillai,Pain Management Specialist,MBBS  MS Ortho,,,7476330112,swetha.pillai944@arthomove-demo.com,600,,,INACTIVE
945,277,92,Divya,Gupta,Pediatric Orthopedist,MBBS  Fellowship Spine,,,8970328840,divya.gupta945@arthomove-demo.com,750,,,ACTIVE
946,277,92,Suresh,Mehta,Pain Management Specialist,MBBS  MS Ortho,,,8041587904,suresh.mehta946@arthomove-demo.com,1000,,,ACTIVE
947,277,92,Arjun,Jain,Rehabilitation Consultant,MBBS  Diploma Orthopedics,,,9940943474,arjun.jain947@arthomove-demo.com,800,,,ACTIVE
948,277,92,Sanjay,Mishra,Neuro Physiotherapist,PhD Physiotherapy,,,9768519329,sanjay.mishra948@arthomove-demo.com,1500,,,ACTIVE
949,277,92,Karthik,Mehta,Sports Rehab Specialist,BPT  MPT Sports,,,8606792688,karthik.mehta949@arthomove-demo.com,1200,,,ACTIVE
950,278,92,Arjun,Singh,Sports Rehab Specialist,MBBS  Fellowship Spine,,,7209210283,arjun.singh950@arthomove-demo.com,500,,,ACTIVE
951,278,92,Lakshmi,Jain,Knee Specialist,PhD Physiotherapy,,,9795536064,lakshmi.jain951@arthomove-demo.com,600,,,ACTIVE
952,279,92,Rohan,Joshi,Orthopedic Surgeon,PhD Physiotherapy,,,8137592612,rohan.joshi952@arthomove-demo.com,750,,,ACTIVE
953,279,92,Nisha,Nair,Orthopedic Surgeon,BPT  MPT Sports,,,7113871270,nisha.nair953@arthomove-demo.com,1500,,,ACTIVE
954,280,93,Sneha,Thomas,Pediatric Orthopedist,MPT Neuro Rehab,,,9871069562,sneha.thomas954@arthomove-demo.com,500,,,ACTIVE
955,280,93,Swetha,Reddy,Pediatric Orthopedist,MBBS  Fellowship Spine,,,7110290366,swetha.reddy955@arthomove-demo.com,800,,,ACTIVE
956,280,93,Manoj,Reddy,Physiotherapist,BPT  MPT Orthopedics,,,8731879878,manoj.reddy956@arthomove-demo.com,750,,,ACTIVE
957,280,93,Meera,Nair,Neuro Physiotherapist,MBBS  DNB Ortho,,,9210626126,meera.nair957@arthomove-demo.com,1000,,,ACTIVE
958,281,93,Pooja,Jain,Sports Rehab Specialist,MBBS  DNB Ortho,,,8042787711,pooja.jain958@arthomove-demo.com,400,,,ACTIVE
959,281,93,Arjun,Mishra,Spine Specialist,BPT  MPT Sports,,,7907671462,arjun.mishra959@arthomove-demo.com,400,,,ACTIVE
960,281,93,Sanjay,Pillai,Sports Rehab Specialist,MBBS  Diploma Orthopedics,,,7994038097,sanjay.pillai960@arthomove-demo.com,750,,,ACTIVE
961,282,93,Karthik,Menon,Knee Specialist,BPT  MPT Orthopedics,,,8691757840,karthik.menon961@arthomove-demo.com,800,,,ACTIVE
962,282,93,Arjun,Pillai,Neuro Physiotherapist,BPT  MPT Sports,,,9190174993,arjun.pillai962@arthomove-demo.com,1200,,,ACTIVE
963,282,93,Sanjay,Rao,Physiotherapist,BPT  MPT Sports,,,9019084853,sanjay.rao963@arthomove-demo.com,800,,,INACTIVE
964,282,93,Lakshmi,Mishra,Pediatric Orthopedist,MBBS  DNB Ortho,,,8179436553,lakshmi.mishra964@arthomove-demo.com,1000,,,ACTIVE
965,282,93,Sneha,Nair,Shoulder Specialist,MBBS  Diploma Orthopedics,,,8648413269,sneha.nair965@arthomove-demo.com,500,,,ACTIVE
966,283,93,Kavya,Mehta,Sports Rehab Specialist,BPT  MPT Orthopedics,,,7413270439,kavya.mehta966@arthomove-demo.com,1200,,,ACTIVE
967,283,93,Rahul,Iyer,Shoulder Specialist,BPT  MPT Sports,,,7675201860,rahul.iyer967@arthomove-demo.com,1000,,,INACTIVE
968,283,93,Rahul,Patel,Rehabilitation Consultant,MPT Neuro Rehab,,,7804589542,rahul.patel968@arthomove-demo.com,400,,,ACTIVE
969,284,94,Meera,Kumar,Knee Specialist,MPT Neuro Rehab,,,9827688150,meera.kumar969@arthomove-demo.com,1000,,,ACTIVE
970,284,94,Rahul,Nair,Pediatric Orthopedist,BPT  MPT Sports,,,8658280727,rahul.nair970@arthomove-demo.com,400,,,ACTIVE
971,284,94,Aditya,Pillai,Physiotherapist,BPT  MPT Orthopedics,,,9343471135,aditya.pillai971@arthomove-demo.com,1000,,,ACTIVE
972,284,94,Vikram,Khan,Neuro Physiotherapist,MPT Neuro Rehab,,,7929146968,vikram.khan972@arthomove-demo.com,600,,,ACTIVE
973,285,94,Rahul,Nair,Shoulder Specialist,MPT Neuro Rehab,,,9400353244,rahul.nair973@arthomove-demo.com,1000,,,ACTIVE
974,285,94,Priya,Singh,Pediatric Orthopedist,MBBS  MS Ortho,,,9090539040,priya.singh974@arthomove-demo.com,500,,,ACTIVE
975,285,94,Pooja,Das,Neuro Physiotherapist,BPT  MPT Sports,,,7408341585,pooja.das975@arthomove-demo.com,1000,,,ACTIVE
976,285,94,Rahul,Patel,Knee Specialist,MBBS  Fellowship Spine,,,7229698931,rahul.patel976@arthomove-demo.com,400,,,ACTIVE
977,286,94,Ravi,Singh,Pain Management Specialist,MBBS  Diploma Orthopedics,,,7048689063,ravi.singh977@arthomove-demo.com,800,,,ACTIVE
978,286,94,Sanjay,Jain,Rehabilitation Consultant,MBBS  Fellowship Spine,,,9227789348,sanjay.jain978@arthomove-demo.com,750,,,ACTIVE
979,287,94,Karthik,Rao,Spine Specialist,MBBS  DNB Ortho,,,8401166289,karthik.rao979@arthomove-demo.com,600,,,ACTIVE
980,287,94,Suresh,Chopra,Sports Rehab Specialist,MPT Neuro Rehab,,,9722340287,suresh.chopra980@arthomove-demo.com,500,,,ACTIVE
981,288,95,Aditya,Nair,Sports Rehab Specialist,MBBS  Diploma Orthopedics,,,7461919878,aditya.nair981@arthomove-demo.com,500,,,ACTIVE
982,288,95,Sanjay,Menon,Shoulder Specialist,PhD Physiotherapy,,,7592076679,sanjay.menon982@arthomove-demo.com,500,,,INACTIVE
983,289,95,Isha,Joshi,Physiotherapist,MBBS  Diploma Orthopedics,,,7353048476,isha.joshi983@arthomove-demo.com,400,,,ACTIVE
984,289,95,Ritika,Mishra,Sports Rehab Specialist,MBBS  Diploma Orthopedics,,,7359161365,ritika.mishra984@arthomove-demo.com,600,,,ACTIVE
985,289,95,Divya,Pillai,Pain Management Specialist,BPT  MPT Orthopedics,,,9298478350,divya.pillai985@arthomove-demo.com,600,,,INACTIVE
986,289,95,Karthik,Patel,Pediatric Orthopedist,BPT  MPT Sports,,,8746399043,karthik.patel986@arthomove-demo.com,800,,,ACTIVE
987,290,95,Pooja,Iyer,Spine Specialist,MBBS  MS Ortho,,,9271339745,pooja.iyer987@arthomove-demo.com,800,,,ACTIVE
988,290,95,Anjali,Thomas,Rehabilitation Consultant,MBBS  MS Ortho,,,9444687174,anjali.thomas988@arthomove-demo.com,1500,,,ACTIVE
989,291,95,Sneha,Patel,Orthopedic Surgeon,MBBS  Fellowship Spine,,,8263632618,sneha.patel989@arthomove-demo.com,600,,,INACTIVE
990,291,95,Vikram,Iyer,Orthopedic Surgeon,BPT  MPT Sports,,,7815180496,vikram.iyer990@arthomove-demo.com,1200,,,INACTIVE
991,291,95,Rohan,Das,Knee Specialist,MBBS  Diploma Orthopedics,,,7850388536,rohan.das991@arthomove-demo.com,400,,,ACTIVE
992,292,96,Kavya,Das,Spine Specialist,MBBS  MS Ortho,,,7438311410,kavya.das992@arthomove-demo.com,500,,,ACTIVE
993,292,96,Swetha,Gupta,Pain Management Specialist,MBBS  Fellowship Spine,,,8110234770,swetha.gupta993@arthomove-demo.com,750,,,ACTIVE
994,293,96,Pooja,Iyer,Pain Management Specialist,BPT  MPT Sports,,,8614266053,pooja.iyer994@arthomove-demo.com,1200,,,ACTIVE
995,293,96,Vikram,Nair,Orthopedic Surgeon,PhD Physiotherapy,,,7539654027,vikram.nair995@arthomove-demo.com,600,,,ACTIVE
996,293,96,Lakshmi,Jain,Pediatric Orthopedist,MBBS  MS Ortho,,,8124909218,lakshmi.jain996@arthomove-demo.com,600,,,ACTIVE
997,293,96,Anjali,Pillai,Physiotherapist,MBBS  DNB Ortho,,,7531129047,anjali.pillai997@arthomove-demo.com,750,,,INACTIVE
998,293,96,Kavya,Nair,Pain Management Specialist,MBBS  Fellowship Spine,,,8533284093,kavya.nair998@arthomove-demo.com,500,,,ACTIVE
999,294,96,Anjali,Das,Shoulder Specialist,MPT Neuro Rehab,,,9426021812,anjali.das999@arthomove-demo.com,750,,,ACTIVE
1000,294,96,Nisha,Gupta,Neuro Physiotherapist,MBBS  Diploma Orthopedics,,,7256981104,nisha.gupta1000@arthomove-demo.com,750,,,ACTIVE
1001,294,96,Ravi,Sharma,Orthopedic Surgeon,MBBS  DNB Ortho,,,9298809288,ravi.sharma1001@arthomove-demo.com,500,,,ACTIVE
1002,295,96,Karthik,Thomas,Physiotherapist,MBBS  DNB Ortho,,,7168280816,karthik.thomas1002@arthomove-demo.com,750,,,ACTIVE
1003,295,96,Vikram,Patel,Orthopedic Surgeon,BPT  MPT Sports,,,7346253844,vikram.patel1003@arthomove-demo.com,600,,,ACTIVE
1004,295,96,Sanjay,Khan,Sports Rehab Specialist,BPT  MPT Sports,,,9370082512,sanjay.khan1004@arthomove-demo.com,1000,,,ACTIVE
1005,295,96,Meera,Mishra,Sports Rehab Specialist,MPT Neuro Rehab,,,8936528998,meera.mishra1005@arthomove-demo.com,800,,,ACTIVE
1006,295,96,Pooja,Sharma,Rehabilitation Consultant,BPT  MPT Sports,,,9578800459,pooja.sharma1006@arthomove-demo.com,500,,,ACTIVE
1007,296,97,Ravi,Kumar,Rehabilitation Consultant,PhD Physiotherapy,,,9550563530,ravi.kumar1007@arthomove-demo.com,800,,,ACTIVE
1008,296,97,Sanjay,Kumar,Neuro Physiotherapist,BPT  MPT Orthopedics,,,9780324097,sanjay.kumar1008@arthomove-demo.com,400,,,ACTIVE
1009,297,97,Divya,Patel,Physiotherapist,BPT  MPT Orthopedics,,,9416993077,divya.patel1009@arthomove-demo.com,800,,,ACTIVE
1010,297,97,Vikram,Jain,Orthopedic Surgeon,MBBS  Fellowship Spine,,,7934923067,vikram.jain1010@arthomove-demo.com,1000,,,ACTIVE
1011,297,97,Lakshmi,Singh,Pediatric Orthopedist,MBBS  MS Ortho,,,7467932367,lakshmi.singh1011@arthomove-demo.com,400,,,ACTIVE
1012,297,97,Sneha,Joshi,Pediatric Orthopedist,MBBS  MS Ortho,,,8609189442,sneha.joshi1012@arthomove-demo.com,500,,,ACTIVE
1013,297,97,Isha,Menon,Physiotherapist,BPT  MPT Orthopedics,,,8117353777,isha.menon1013@arthomove-demo.com,400,,,ACTIVE
1014,298,97,Farhan,Verma,Sports Rehab Specialist,BPT  MPT Sports,,,9491792280,farhan.verma1014@arthomove-demo.com,1000,,,ACTIVE
1015,298,97,Ravi,Thomas,Rehabilitation Consultant,PhD Physiotherapy,,,8860042749,ravi.thomas1015@arthomove-demo.com,800,,,ACTIVE
1016,298,97,Lakshmi,Gupta,Neuro Physiotherapist,PhD Physiotherapy,,,9040450673,lakshmi.gupta1016@arthomove-demo.com,400,,,ACTIVE
1017,298,97,Swetha,Patel,Shoulder Specialist,MBBS  Fellowship Spine,,,8301468212,swetha.patel1017@arthomove-demo.com,600,,,ACTIVE
1018,298,97,Meera,Rao,Orthopedic Surgeon,MBBS  MS Ortho,,,7309966229,meera.rao1018@arthomove-demo.com,1200,,,ACTIVE
1019,299,97,Kavya,Gupta,Pain Management Specialist,BPT  MPT Orthopedics,,,9383483037,kavya.gupta1019@arthomove-demo.com,750,,,ACTIVE
1020,299,97,Isha,Patel,Rehabilitation Consultant,MPT Neuro Rehab,,,9508237838,isha.patel1020@arthomove-demo.com,500,,,ACTIVE
1021,299,97,Farhan,Mehta,Physiotherapist,BPT  MPT Orthopedics,,,8182313007,farhan.mehta1021@arthomove-demo.com,1500,,,ACTIVE
1022,299,97,Divya,Reddy,Neuro Physiotherapist,MBBS  DNB Ortho,,,7806392823,divya.reddy1022@arthomove-demo.com,400,,,ACTIVE
1023,299,97,Anjali,Sharma,Knee Specialist,PhD Physiotherapy,,,9434517929,anjali.sharma1023@arthomove-demo.com,500,,,ACTIVE
1024,300,98,Neha,Chopra,Sports Rehab Specialist,MBBS  Fellowship Spine,,,8041215068,neha.chopra1024@arthomove-demo.com,400,,,ACTIVE
1025,300,98,Priya,Joshi,Sports Rehab Specialist,BPT  MPT Sports,,,9810733673,priya.joshi1025@arthomove-demo.com,600,,,ACTIVE
1026,300,98,Lakshmi,Jain,Neuro Physiotherapist,MBBS  Fellowship Spine,,,7567539527,lakshmi.jain1026@arthomove-demo.com,1000,,,INACTIVE
1027,301,98,Vikram,Khan,Physiotherapist,BPT  MPT Orthopedics,,,7394925839,vikram.khan1027@arthomove-demo.com,400,,,ACTIVE
1028,301,98,Priya,Iyer,Physiotherapist,PhD Physiotherapy,,,9406350878,priya.iyer1028@arthomove-demo.com,1000,,,ACTIVE
1029,301,98,Manoj,Menon,Shoulder Specialist,PhD Physiotherapy,,,8775760188,manoj.menon1029@arthomove-demo.com,800,,,INACTIVE
1030,302,98,Pooja,Pillai,Spine Specialist,PhD Physiotherapy,,,8427979251,pooja.pillai1030@arthomove-demo.com,800,,,ACTIVE
1031,302,98,Varun,Jain,Physiotherapist,MPT Neuro Rehab,,,7594728412,varun.jain1031@arthomove-demo.com,500,,,ACTIVE
1032,302,98,Nisha,Sharma,Spine Specialist,MBBS  MS Ortho,,,8702613761,nisha.sharma1032@arthomove-demo.com,750,,,ACTIVE
1033,302,98,Isha,Chopra,Shoulder Specialist,BPT  MPT Sports,,,7699717450,isha.chopra1033@arthomove-demo.com,600,,,ACTIVE
1034,302,98,Neha,Gupta,Pediatric Orthopedist,BPT  MPT Orthopedics,,,9213255170,neha.gupta1034@arthomove-demo.com,400,,,ACTIVE
1035,303,99,Rahul,Das,Pediatric Orthopedist,MBBS  DNB Ortho,,,8951212869,rahul.das1035@arthomove-demo.com,1500,,,ACTIVE
1036,303,99,Meera,Rao,Rehabilitation Consultant,MBBS  Diploma Orthopedics,,,9032821427,meera.rao1036@arthomove-demo.com,800,,,ACTIVE
1037,303,99,Varun,Reddy,Sports Rehab Specialist,BPT  MPT Sports,,,7618328489,varun.reddy1037@arthomove-demo.com,600,,,ACTIVE
1038,304,99,Manoj,Menon,Orthopedic Surgeon,MBBS  Diploma Orthopedics,,,9374753435,manoj.menon1038@arthomove-demo.com,800,,,ACTIVE
1039,304,99,Suresh,Reddy,Spine Specialist,MBBS  Fellowship Spine,,,7643809327,suresh.reddy1039@arthomove-demo.com,1200,,,INACTIVE
1040,305,99,Aditya,Chopra,Rehabilitation Consultant,MBBS  MS Ortho,,,9534448590,aditya.chopra1040@arthomove-demo.com,500,,,ACTIVE
1041,305,99,Isha,Singh,Pediatric Orthopedist,MBBS  DNB Ortho,,,8527961242,isha.singh1041@arthomove-demo.com,1500,,,ACTIVE
1042,305,99,Sneha,Kumar,Shoulder Specialist,MBBS  DNB Ortho,,,8119726317,sneha.kumar1042@arthomove-demo.com,1000,,,ACTIVE
1043,305,99,Meera,Gupta,Physiotherapist,MBBS  MS Ortho,,,8503820527,meera.gupta1043@arthomove-demo.com,1200,,,ACTIVE
1044,306,99,Divya,Pillai,Shoulder Specialist,BPT  MPT Sports,,,7106891105,divya.pillai1044@arthomove-demo.com,500,,,ACTIVE
1045,306,99,Manoj,Joshi,Spine Specialist,BPT  MPT Sports,,,8298857744,manoj.joshi1045@arthomove-demo.com,400,,,ACTIVE
1046,306,99,Varun,Verma,Shoulder Specialist,MBBS  Diploma Orthopedics,,,9485923138,varun.verma1046@arthomove-demo.com,1000,,,ACTIVE
1047,307,100,Priya,Das,Neuro Physiotherapist,MBBS  Diploma Orthopedics,,,7900464567,priya.das1047@arthomove-demo.com,400,,,ACTIVE
1048,307,100,Divya,Das,Physiotherapist,MBBS  Diploma Orthopedics,,,9276769941,divya.das1048@arthomove-demo.com,750,,,ACTIVE
1049,307,100,Sneha,Jain,Neuro Physiotherapist,PhD Physiotherapy,,,7624878485,sneha.jain1049@arthomove-demo.com,1000,,,ACTIVE
1050,308,100,Manoj,Iyer,Pain Management Specialist,BPT  MPT Sports,,,8282515408,manoj.iyer1050@arthomove-demo.com,750,,,ACTIVE
1051,308,100,Anjali,Singh,Physiotherapist,BPT  MPT Orthopedics,,,8741440221,anjali.singh1051@arthomove-demo.com,600,,,ACTIVE
1052,309,100,Pooja,Menon,Sports Rehab Specialist,PhD Physiotherapy,,,7474938827,pooja.menon1052@arthomove-demo.com,800,,,INACTIVE
1053,309,100,Rohan,Mishra,Spine Specialist,BPT  MPT Orthopedics,,,8131169135,rohan.mishra1053@arthomove-demo.com,750,,,ACTIVE
1054,309,100,Rahul,Menon,Pediatric Orthopedist,MPT Neuro Rehab,,,8080710159,rahul.menon1054@arthomove-demo.com,400,,,ACTIVE
1055,309,100,Meera,Jain,Pediatric Orthopedist,MBBS  MS Ortho,,,9849513413,meera.jain1055@arthomove-demo.com,1500,,,ACTIVE
1056,309,100,Nisha,Kumar,Shoulder Specialist,BPT  MPT Orthopedics,,,8267390413,nisha.kumar1056@arthomove-demo.com,500,,,ACTIVE
